--
-- PostgreSQL database dump
--

-- Dumped from database version 9.6.2
-- Dumped by pg_dump version 9.6beta2

-- Started on 2017-04-05 01:20:58

SET statement_timeout = 0;
SET lock_timeout = 0;
SET idle_in_transaction_session_timeout = 0;
SET client_encoding = 'UTF8';
SET standard_conforming_strings = on;
SET check_function_bodies = false;
SET client_min_messages = warning;
SET row_security = off;

--
-- TOC entry 1 (class 3079 OID 12387)
-- Name: plpgsql; Type: EXTENSION; Schema: -; Owner: 
--

CREATE EXTENSION IF NOT EXISTS plpgsql WITH SCHEMA pg_catalog;


--
-- TOC entry 2170 (class 0 OID 0)
-- Dependencies: 1
-- Name: EXTENSION plpgsql; Type: COMMENT; Schema: -; Owner: 
--

COMMENT ON EXTENSION plpgsql IS 'PL/pgSQL procedural language';


SET search_path = public, pg_catalog;

SET default_tablespace = '';

SET default_with_oids = false;

--
-- TOC entry 188 (class 1259 OID 16458)
-- Name: Category; Type: TABLE; Schema: public; Owner: postgres
--

CREATE TABLE "Category" (
    "Id" integer NOT NULL,
    "Name" character varying(200) NOT NULL
);


ALTER TABLE "Category" OWNER TO postgres;

--
-- TOC entry 2171 (class 0 OID 0)
-- Dependencies: 188
-- Name: TABLE "Category"; Type: COMMENT; Schema: public; Owner: postgres
--

COMMENT ON TABLE "Category" IS 'Категории показателей';


--
-- TOC entry 187 (class 1259 OID 16456)
-- Name: Category_Id_seq; Type: SEQUENCE; Schema: public; Owner: postgres
--

CREATE SEQUENCE "Category_Id_seq"
    START WITH 1
    INCREMENT BY 1
    NO MINVALUE
    NO MAXVALUE
    CACHE 1;


ALTER TABLE "Category_Id_seq" OWNER TO postgres;

--
-- TOC entry 2172 (class 0 OID 0)
-- Dependencies: 187
-- Name: Category_Id_seq; Type: SEQUENCE OWNED BY; Schema: public; Owner: postgres
--

ALTER SEQUENCE "Category_Id_seq" OWNED BY "Category"."Id";


--
-- TOC entry 190 (class 1259 OID 16466)
-- Name: Indicators; Type: TABLE; Schema: public; Owner: postgres
--

CREATE TABLE "Indicators" (
    "Id" integer NOT NULL,
    "Name" character varying(200) NOT NULL,
    "Category" integer,
    "Area" integer,
    "SubCategory" integer,
    "Region" integer
);


ALTER TABLE "Indicators" OWNER TO postgres;

--
-- TOC entry 2173 (class 0 OID 0)
-- Dependencies: 190
-- Name: TABLE "Indicators"; Type: COMMENT; Schema: public; Owner: postgres
--

COMMENT ON TABLE "Indicators" IS 'Показатели';


--
-- TOC entry 2174 (class 0 OID 0)
-- Dependencies: 190
-- Name: COLUMN "Indicators"."Area"; Type: COMMENT; Schema: public; Owner: postgres
--

COMMENT ON COLUMN "Indicators"."Area" IS 'SP_area: 1. Social assistance / 2. Labor market programs
Тип МСП: 1. Социальная поддержка / 2. Рынок труда';


--
-- TOC entry 2175 (class 0 OID 0)
-- Dependencies: 190
-- Name: COLUMN "Indicators"."SubCategory"; Type: COMMENT; Schema: public; Owner: postgres
--

COMMENT ON COLUMN "Indicators"."SubCategory" IS 'Подкатегория';


--
-- TOC entry 2176 (class 0 OID 0)
-- Dependencies: 190
-- Name: COLUMN "Indicators"."Region"; Type: COMMENT; Schema: public; Owner: postgres
--

COMMENT ON COLUMN "Indicators"."Region" IS 'Ссылка на регион для справочника показателей. Не использовать при фильтрации значений';


--
-- TOC entry 189 (class 1259 OID 16464)
-- Name: Indicators_Id_seq; Type: SEQUENCE; Schema: public; Owner: postgres
--

CREATE SEQUENCE "Indicators_Id_seq"
    START WITH 1
    INCREMENT BY 1
    NO MINVALUE
    NO MAXVALUE
    CACHE 1;


ALTER TABLE "Indicators_Id_seq" OWNER TO postgres;

--
-- TOC entry 2177 (class 0 OID 0)
-- Dependencies: 189
-- Name: Indicators_Id_seq; Type: SEQUENCE OWNED BY; Schema: public; Owner: postgres
--

ALTER SEQUENCE "Indicators_Id_seq" OWNED BY "Indicators"."Id";


--
-- TOC entry 186 (class 1259 OID 16449)
-- Name: Regions; Type: TABLE; Schema: public; Owner: postgres
--

CREATE TABLE "Regions" (
    "Id" integer NOT NULL,
    "Code" character(5) NOT NULL,
    "Name" character varying(100)
);


ALTER TABLE "Regions" OWNER TO postgres;

--
-- TOC entry 185 (class 1259 OID 16447)
-- Name: Regions_Id_seq; Type: SEQUENCE; Schema: public; Owner: postgres
--

CREATE SEQUENCE "Regions_Id_seq"
    START WITH 1
    INCREMENT BY 1
    NO MINVALUE
    NO MAXVALUE
    CACHE 1;


ALTER TABLE "Regions_Id_seq" OWNER TO postgres;

--
-- TOC entry 2178 (class 0 OID 0)
-- Dependencies: 185
-- Name: Regions_Id_seq; Type: SEQUENCE OWNED BY; Schema: public; Owner: postgres
--

ALTER SEQUENCE "Regions_Id_seq" OWNED BY "Regions"."Id";


--
-- TOC entry 192 (class 1259 OID 16479)
-- Name: Values; Type: TABLE; Schema: public; Owner: postgres
--

CREATE TABLE "Values" (
    "Id" integer NOT NULL,
    "Region" integer NOT NULL,
    "Indicator" integer NOT NULL,
    "DataYear" integer,
    "SurveyYear" integer,
    "Values" real[]
);


ALTER TABLE "Values" OWNER TO postgres;

--
-- TOC entry 2179 (class 0 OID 0)
-- Dependencies: 192
-- Name: TABLE "Values"; Type: COMMENT; Schema: public; Owner: postgres
--

COMMENT ON TABLE "Values" IS 'Знаяения показателей';


--
-- TOC entry 2180 (class 0 OID 0)
-- Dependencies: 192
-- Name: COLUMN "Values"."Values"; Type: COMMENT; Schema: public; Owner: postgres
--

COMMENT ON COLUMN "Values"."Values" IS 'Набор значений';


--
-- TOC entry 191 (class 1259 OID 16477)
-- Name: Values_Id_seq; Type: SEQUENCE; Schema: public; Owner: postgres
--

CREATE SEQUENCE "Values_Id_seq"
    START WITH 1
    INCREMENT BY 1
    NO MINVALUE
    NO MAXVALUE
    CACHE 1;


ALTER TABLE "Values_Id_seq" OWNER TO postgres;

--
-- TOC entry 2181 (class 0 OID 0)
-- Dependencies: 191
-- Name: Values_Id_seq; Type: SEQUENCE OWNED BY; Schema: public; Owner: postgres
--

ALTER SEQUENCE "Values_Id_seq" OWNED BY "Values"."Id";


--
-- TOC entry 2021 (class 2604 OID 16461)
-- Name: Category Id; Type: DEFAULT; Schema: public; Owner: postgres
--

ALTER TABLE ONLY "Category" ALTER COLUMN "Id" SET DEFAULT nextval('"Category_Id_seq"'::regclass);


--
-- TOC entry 2022 (class 2604 OID 16469)
-- Name: Indicators Id; Type: DEFAULT; Schema: public; Owner: postgres
--

ALTER TABLE ONLY "Indicators" ALTER COLUMN "Id" SET DEFAULT nextval('"Indicators_Id_seq"'::regclass);


--
-- TOC entry 2020 (class 2604 OID 16452)
-- Name: Regions Id; Type: DEFAULT; Schema: public; Owner: postgres
--

ALTER TABLE ONLY "Regions" ALTER COLUMN "Id" SET DEFAULT nextval('"Regions_Id_seq"'::regclass);


--
-- TOC entry 2023 (class 2604 OID 16482)
-- Name: Values Id; Type: DEFAULT; Schema: public; Owner: postgres
--

ALTER TABLE ONLY "Values" ALTER COLUMN "Id" SET DEFAULT nextval('"Values_Id_seq"'::regclass);


--
-- TOC entry 2159 (class 0 OID 16458)
-- Dependencies: 188
-- Data for Name: Category; Type: TABLE DATA; Schema: public; Owner: postgres
--

COPY "Category" ("Id", "Name") FROM stdin;
1	Охват населения всеми МСП, все меры,%
2	Охват населения МСП с проверкой доходов, %
3	Распределение суммы выплат всех МСП по доходным группам (%)
4	Распределение суммы выплат МСП по с проверкой доходов по доходным группам (%)
5	Средний размер трансферта (руб./мес) на бенефициара (члена ДХ, получающего меру)
6	Адекватность: доля всех МСП в доходе  бенефициаров (%)
7	Адекватность: доля МСП с проверкой доходов в доходе  бенефициаров (%)
8	Эффективность всех МСП (%)
9	Эффективность МСП с проверкой дохода (%)
10	Количество получателей
11	Расходы на финансирование выплаты (тыс. руб.)
\.


--
-- TOC entry 2182 (class 0 OID 0)
-- Dependencies: 187
-- Name: Category_Id_seq; Type: SEQUENCE SET; Schema: public; Owner: postgres
--

SELECT pg_catalog.setval('"Category_Id_seq"', 10, true);


--
-- TOC entry 2161 (class 0 OID 16466)
-- Dependencies: 190
-- Data for Name: Indicators; Type: TABLE DATA; Schema: public; Owner: postgres
--

COPY "Indicators" ("Id", "Name", "Category", "Area", "SubCategory", "Region") FROM stdin;
1	Беднейшие 20%	1	\N	\N	\N
2	С доходом не больше регионального ПМ	1	\N	\N	\N
3	Все	1	\N	\N	\N
4	Беднейшие 20%	2	\N	\N	\N
5	С доходом не больше регионального ПМ	2	\N	\N	\N
6	Все	2	\N	\N	\N
7	Беднейшим 20% населения	3	\N	\N	\N
8	С доходом не больше регионального ПМ, %	3	\N	\N	\N
9	Богатейшим 20 % населения	3	\N	\N	\N
10	Беднейшим 20% населения	4	\N	\N	\N
11	С доходом не больше регионального ПМ, %	4	\N	\N	\N
12	Богатейшим 20 % населения	4	\N	\N	\N
13	Средний размер трансферта (руб./мес) на бенефициара (члена ДХ, получающего меру)	5	\N	\N	\N
14	Беднейшие 20%	6	\N	\N	\N
15	С доходом не больше регионального ПМ	6	\N	\N	\N
16	Все	6	\N	\N	\N
17	Беднейшие 20%	7	\N	\N	\N
18	С доходом не больше регионального ПМ	7	\N	\N	\N
19	Все	7	\N	\N	\N
20	Сокращение неравенства (индекса Джини)	8	\N	\N	\N
21	Сокращение численности бедных	8	\N	\N	\N
22	Сокращение дефицита дохода у населения	8	\N	\N	\N
24	Сокращение неравенства (индекса Джини)	9	\N	\N	\N
25	Сокращение численности бедных	9	\N	\N	\N
26	Сокращение дефицита дохода у населения	9	\N	\N	\N
23	Доля выплат, идущая на сокращение дефицита дохода у населения	8	\N	\N	\N
27	Доля выплат, идущая на сокращение дефицита дохода у населения	9	\N	\N	\N
28	1. Социальная поддержка	10	\N	\N	\N
29	2. Рынок труда	10	\N	\N	\N
30	1. Социальная поддержка	11	\N	\N	\N
31	2. Рынок труда	11	\N	\N	\N
\.


--
-- TOC entry 2183 (class 0 OID 0)
-- Dependencies: 189
-- Name: Indicators_Id_seq; Type: SEQUENCE SET; Schema: public; Owner: postgres
--

SELECT pg_catalog.setval('"Indicators_Id_seq"', 27, true);


--
-- TOC entry 2157 (class 0 OID 16449)
-- Dependencies: 186
-- Data for Name: Regions; Type: TABLE DATA; Schema: public; Owner: postgres
--

COPY "Regions" ("Id", "Code", "Name") FROM stdin;
1	01   	Алтайский край
2	03   	Краснодарский край
3	04   	Красноярский край
4	05   	Приморский край
5	07   	Ставропольский край
6	08   	Хабаровский край
7	10   	Амурская область
8	11   	Архангельскаяобласть
9	12   	Астраханская область
10	13   	Ненецкий АО
11	14   	Белгородская область
12	15   	Брянская область
13	17   	Владимирская область
14	18   	Волгоградская область
15	19   	Вологодская область
16	20   	Воронежская область
17	22   	Нижегородская область
18	24   	Ивановская область
19	25   	Иркутская область
20	26   	Республика Ингушетия
21	27   	Калининградская область
22	28   	Тверская область
23	29   	Калужская область
24	30   	Камчатский край
25	32   	Кемеровская область
26	33   	Кировская область
27	34   	Костромская область
28	35   	Республика Крым
29	36   	Самарская область
30	37   	Курганская область
31	38   	Курская область
32	40   	г. Санкт-Петербург
33	41   	Ленинградская область
34	42   	Липецкая область
35	44   	Магаданская область
36	45   	г. Москва
37	46   	Московскапя область
38	47   	Мурманская область
39	49   	Новгородская область
40	50   	Новосибирская область
41	52   	Омская область
42	53   	Оренбургская область
43	54   	Орловская область
44	56   	Псковская область
45	57   	Пермская область
46	58   	Пензенская область
47	60   	Ростовская область
48	61   	Рязанская область
49	63   	Саратовская обасть
50	64   	Сахалинская область
51	65   	Свердловская область
52	66   	Смоленская область
53	67   	г. Севастополь
54	68   	Тамбовская область
55	69   	Томская область
56	70   	Тульская область
57	71   	Тюменская область
58	72   	Ханты-Манскийский АО
59	73   	Ульяновская область
60	74   	Ямало-Ненецкий АО
61	75   	Челябинская область
62	76   	Забайкальский край
63	77   	Чукотский АО
64	78   	Яросклавская область
65	79   	Республика Адыгея
66	80   	Республика Башкортостан
67	81   	Республика Бурятия
68	82   	Республика Дагестан
69	83   	Республика Кабардино-Балкария
70	84   	Республика Алтай
71	85   	Республика Калмыкия
72	86   	Республика Карелия
73	87   	Республика Коми
74	88   	Республика Марий Эл
75	89   	Республика Мордовия
76	90   	Республика Северная Осетия -Алания
77	91   	Республика Карачаево-Черкессия
78	92   	Республика Татарстан
79	93   	Республика Тыва
80	94   	Республика Удмуртия
81	95   	Респуьблика Хакасия
82	96   	Чеченская республиканя
83	97   	Республика Чувашия
84	98   	Республика Саха (Якутия)
85	99   	Еврейская АО
86	100  	Россия
\.


--
-- TOC entry 2184 (class 0 OID 0)
-- Dependencies: 185
-- Name: Regions_Id_seq; Type: SEQUENCE SET; Schema: public; Owner: postgres
--

SELECT pg_catalog.setval('"Regions_Id_seq"', 86, true);


--
-- TOC entry 2163 (class 0 OID 16479)
-- Dependencies: 192
-- Data for Name: Values; Type: TABLE DATA; Schema: public; Owner: postgres
--

COPY "Values" ("Id", "Region", "Indicator", "DataYear", "SurveyYear", "Values") FROM stdin;
3	1	13	2014	2015	{2225.8999}
4	2	13	2014	2015	{1655.15002}
5	3	13	2014	2015	{1743.60999}
6	1	21	2014	2015	{24}
7	1	22	2014	2015	{29}
8	1	23	2014	2015	{11}
9	1	25	2014	2015	{1.39999998}
10	1	26	2014	2015	{3.0999999}
11	1	27	2014	2015	{47}
12	2	25	2014	2015	{0.5}
13	2	26	2014	2015	{1.79999995}
14	2	27	2014	2015	{16}
15	3	25	2014	2015	{0.300000012}
16	3	26	2014	2015	{2.4000001}
17	3	27	2014	2015	{23}
18	3	25	2015	2016	{0.600000024}
19	3	26	2015	2016	{4.80000019}
20	3	27	2015	2016	{46}
21	3	13	2015	2016	{2655.1499}
22	1	1	2017	2017	{10}
24	1	1	2014	2015	{0.695878983}
25	1	2	2014	2015	{0.900969148}
26	1	3	2014	2015	{0.880443752}
27	1	4	2014	2015	{0.572102606}
28	1	5	2014	2015	{0.586804807}
29	1	6	2014	2015	{0.192834452}
30	1	7	2014	2015	{0.0607823841}
31	1	8	2014	2015	{0.0551526323}
32	1	9	2014	2015	{0.37732178}
33	1	10	2014	2015	{0.51132071}
34	1	11	2014	2015	{0.447586924}
35	1	12	2014	2015	{0}
36	1	14	2014	2015	{0.0975108743}
37	1	15	2014	2015	{0.0917203203}
38	1	16	2014	2015	{0.156887457}
39	1	17	2014	2015	{0.0251572449}
40	1	18	2014	2015	{0.100323804}
41	1	19	2014	2015	{0.018642053}
42	1	20	2014	2015	{0.0474541299}
43	1	21	2014	2015	{0.241941527}
44	1	22	2014	2015	{0.288460642}
45	1	24	2014	2015	{0.00440248102}
46	1	25	2014	2015	{0.0136497263}
47	1	26	2014	2015	{0.0313093141}
48	2	1	2014	2015	{0.5441944}
49	2	2	2014	2015	{0.770919979}
50	2	3	2014	2015	{0.692314923}
51	2	4	2014	2015	{0.231422678}
52	2	5	2014	2015	{0.321554273}
53	2	6	2014	2015	{0.0892907381}
54	2	7	2014	2015	{0.124755666}
55	2	8	2014	2015	{0.0690981895}
56	2	9	2014	2015	{0.135136813}
57	2	10	2014	2015	{0.233464614}
58	2	11	2014	2015	{0.160500646}
59	2	12	2014	2015	{0.137457013}
60	2	14	2014	2015	{0.118815184}
61	2	15	2014	2015	{0.131449744}
62	2	16	2014	2015	{0.0797420666}
63	2	17	2014	2015	{0.023337258}
64	2	18	2014	2015	{0.0982254446}
65	2	19	2014	2015	{0.0172189437}
66	2	20	2014	2015	{0.0475989692}
67	2	21	2014	2015	{0.236367941}
68	2	22	2014	2015	{0.313216001}
69	2	24	2014	2015	{0.0013728668}
70	2	25	2014	2015	{0.00453182356}
71	2	26	2014	2015	{0.0184156355}
72	3	1	2014	2015	{0.677831054}
73	3	2	2014	2015	{0.722556114}
74	3	3	2014	2015	{0.739025056}
75	3	4	2014	2015	{0.21591343}
76	3	5	2014	2015	{0.247020677}
77	3	6	2014	2015	{0.105301112}
78	3	7	2014	2015	{0.125376776}
79	3	8	2014	2015	{0.072911039}
80	3	9	2014	2015	{0.109504655}
81	3	10	2014	2015	{0.264489919}
82	3	11	2014	2015	{0.221072212}
83	3	12	2014	2015	{0.0260228422}
84	3	14	2014	2015	{0.132559523}
85	3	15	2014	2015	{0.12759614}
86	3	16	2014	2015	{0.0817081779}
87	3	17	2014	2015	{0.0362145938}
88	3	18	2014	2015	{0.164220095}
89	3	19	2014	2015	{0.0297169853}
90	3	20	2014	2015	{0.0577644855}
91	3	21	2014	2015	{0.233548388}
92	3	22	2014	2015	{0.304897934}
93	3	24	2014	2015	{0.00308783073}
94	3	25	2014	2015	{0.00309962523}
95	3	26	2014	2015	{0.0241698753}
96	4	1	2014	2015	{0.664895654}
97	4	2	2014	2015	{0.686046541}
98	4	3	2014	2015	{0.730686247}
99	4	4	2014	2015	{0.207503006}
100	4	5	2014	2015	{0.236964002}
101	4	6	2014	2015	{0.0646914318}
102	4	7	2014	2015	{0.116402619}
103	4	8	2014	2015	{0.0698516592}
104	4	9	2014	2015	{0.177884549}
105	4	10	2014	2015	{0.419849098}
106	4	11	2014	2015	{0.279076874}
107	4	12	2014	2015	{0}
108	4	14	2014	2015	{0.0645498261}
109	4	15	2014	2015	{0.0721443668}
110	4	16	2014	2015	{0.0465515889}
111	4	17	2014	2015	{0.0369534418}
112	4	18	2014	2015	{0.138173997}
113	4	19	2014	2015	{0.0381492004}
114	4	20	2014	2015	{0.019370161}
115	4	21	2014	2015	{0.0658537596}
116	4	22	2014	2015	{0.12536177}
117	4	24	2014	2015	{0.00260025496}
118	4	25	2014	2015	{0.00227117655}
119	4	26	2014	2015	{0.018173093}
120	5	1	2014	2015	{0.746112525}
121	5	2	2014	2015	{0.933661819}
122	5	3	2014	2015	{0.897872508}
123	5	4	2014	2015	{0.524010241}
124	5	5	2014	2015	{0.648805797}
125	5	6	2014	2015	{0.233258486}
126	5	7	2014	2015	{0.126396582}
127	5	8	2014	2015	{0.0621563382}
128	5	9	2014	2015	{0.25584951}
129	5	10	2014	2015	{0.461082786}
130	5	11	2014	2015	{0.298085004}
131	5	12	2014	2015	{0.0403783768}
132	5	14	2014	2015	{0.120257817}
133	5	15	2014	2015	{0.138763115}
134	5	16	2014	2015	{0.0917128697}
135	5	17	2014	2015	{0.0303902086}
136	5	18	2014	2015	{0.151367202}
137	5	19	2014	2015	{0.0167557951}
138	5	20	2014	2015	{0.0498740152}
139	5	21	2014	2015	{0.225178614}
140	5	22	2014	2015	{0.314789623}
141	5	24	2014	2015	{0.0053934711}
142	5	25	2014	2015	{0.0586165078}
143	5	26	2014	2015	{0.0684441924}
144	6	1	2014	2015	{0.701972067}
145	6	2	2014	2015	{0.849453747}
146	6	3	2014	2015	{0.917933404}
147	6	4	2014	2015	{0.531994164}
148	6	5	2014	2015	{0.685406148}
149	6	6	2014	2015	{0.192584589}
150	6	7	2014	2015	{0.303502798}
151	6	8	2014	2015	{0.080084376}
152	6	9	2014	2015	{0.0981911719}
153	6	10	2014	2015	{0.550460994}
154	6	11	2014	2015	{0.24108623}
155	6	12	2014	2015	{0.00719799101}
156	6	14	2014	2015	{0.0670997798}
157	6	15	2014	2015	{0.0721545443}
158	6	16	2014	2015	{0.0285461377}
159	6	17	2014	2015	{0.0239140056}
160	6	18	2014	2015	{0.107251473}
161	6	19	2014	2015	{0.0174291562}
162	6	20	2014	2015	{0.0304179452}
163	6	21	2014	2015	{0.208241269}
164	6	22	2014	2015	{0.240202531}
165	6	24	2014	2015	{0.0050345175}
166	6	25	2014	2015	{0}
167	6	26	2014	2015	{0.0554726794}
168	7	1	2014	2015	{0.645986438}
169	7	2	2014	2015	{0.813978314}
170	7	3	2014	2015	{0.777071059}
171	7	4	2014	2015	{0.48952809}
172	7	5	2014	2015	{0.580932856}
173	7	6	2014	2015	{0.19230777}
174	7	7	2014	2015	{0.12352252}
175	7	8	2014	2015	{0.105956689}
176	7	9	2014	2015	{0.356464624}
177	7	10	2014	2015	{0.401619017}
178	7	11	2014	2015	{0.38527444}
179	7	12	2014	2015	{0.011847279}
180	7	14	2014	2015	{0.140875816}
181	7	15	2014	2015	{0.159795105}
182	7	16	2014	2015	{0.0876392201}
183	7	17	2014	2015	{0.0522194207}
184	7	18	2014	2015	{0.221589476}
185	7	19	2014	2015	{0.0314698704}
186	7	20	2014	2015	{0.0270493142}
187	7	21	2014	2015	{0.209862769}
188	7	22	2014	2015	{0.298262}
189	7	24	2014	2015	{0.00895798858}
190	7	25	2014	2015	{0}
191	7	26	2014	2015	{0.0792994574}
192	8	1	2014	2015	{0.724756598}
193	8	2	2014	2015	{0.929432034}
194	8	3	2014	2015	{0.8831532}
195	8	4	2014	2015	{0.485725075}
196	8	5	2014	2015	{0.57537967}
197	8	6	2014	2015	{0.166178837}
198	8	7	2014	2015	{0.247995093}
199	8	8	2014	2015	{0.125029907}
200	8	9	2014	2015	{0.0940605327}
201	8	10	2014	2015	{0.628356278}
202	8	11	2014	2015	{0.408340245}
203	8	12	2014	2015	{0.0224880259}
204	8	14	2014	2015	{0.121342167}
205	8	15	2014	2015	{0.0961834267}
206	8	16	2014	2015	{0.0477688946}
207	8	17	2014	2015	{0.0359045975}
208	8	18	2014	2015	{0.111849234}
209	8	19	2014	2015	{0.020524472}
210	8	20	2014	2015	{0.042847544}
211	8	21	2014	2015	{0.169258311}
212	8	22	2014	2015	{0.255719215}
213	8	24	2014	2015	{0.00493868301}
214	8	25	2014	2015	{0.0887130424}
215	8	26	2014	2015	{0.0431527458}
216	9	1	2014	2015	{0.646709204}
217	9	2	2014	2015	{0.692432642}
218	9	3	2014	2015	{0.724543095}
219	9	4	2014	2015	{0.60507822}
220	9	5	2014	2015	{0.690217674}
221	9	6	2014	2015	{0.193570554}
222	9	7	2014	2015	{0.11304421}
223	9	8	2014	2015	{0.0410160832}
224	9	9	2014	2015	{0.256141931}
225	9	10	2014	2015	{0.621222615}
226	9	11	2014	2015	{0.378448188}
227	9	12	2014	2015	{0.0243798438}
228	9	14	2014	2015	{0.117064983}
229	9	15	2014	2015	{0.124540947}
230	9	16	2014	2015	{0.0963338539}
231	9	17	2014	2015	{0.0228513945}
232	9	18	2014	2015	{0.132647395}
233	9	19	2014	2015	{0.0151585191}
234	9	20	2014	2015	{0.0463462695}
235	9	21	2014	2015	{0.226505637}
236	9	22	2014	2015	{0.234492466}
237	9	24	2014	2015	{0.00362901622}
238	9	25	2014	2015	{0.0387113839}
239	9	26	2014	2015	{0.0470660217}
240	10	1	2014	2015	{0.686199665}
241	10	2	2014	2015	{0.837901056}
242	10	3	2014	2015	{0.896849751}
243	10	4	2014	2015	{0.779312968}
244	10	5	2014	2015	{0.695102155}
245	10	6	2014	2015	{0.469164014}
246	10	7	2014	2015	{0.157541543}
247	10	8	2014	2015	{0.219233945}
248	10	9	2014	2015	{0.296921998}
249	10	10	2014	2015	{0.382981896}
250	10	11	2014	2015	{0.497959644}
251	10	12	2014	2015	{0.118078671}
252	10	14	2014	2015	{0.153949156}
253	10	15	2014	2015	{0.134693071}
254	10	16	2014	2015	{0.0917652622}
255	10	17	2014	2015	{0.0421387181}
256	10	18	2014	2015	{0.163716152}
257	10	19	2014	2015	{0.0143848481}
258	10	20	2014	2015	{0.0550063103}
259	10	21	2014	2015	{0.115069509}
260	10	22	2014	2015	{0.249680176}
261	10	24	2014	2015	{0.0099067539}
262	10	25	2014	2015	{0}
263	10	26	2014	2015	{0.0506014675}
264	11	1	2014	2015	{0.56764394}
265	11	2	2014	2015	{0.584130049}
266	11	3	2014	2015	{0.60422349}
267	11	4	2014	2015	{0.0722727701}
268	11	5	2014	2015	{0.177633777}
269	11	6	2014	2015	{0.0330107734}
270	11	7	2014	2015	{0.0943178311}
271	11	8	2014	2015	{0.0447582528}
272	11	9	2014	2015	{0.137887985}
273	11	10	2014	2015	{0.216196314}
274	11	11	2014	2015	{0.139310062}
275	11	12	2014	2015	{0}
276	11	14	2014	2015	{0.103412531}
277	11	15	2014	2015	{0.233809888}
278	11	16	2014	2015	{0.0945335701}
279	11	17	2014	2015	{0.0110407704}
280	11	18	2014	2015	{0.0401266962}
281	11	19	2014	2015	{0.0109178647}
282	11	20	2014	2015	{0.0566676371}
283	11	21	2014	2015	{0.256632239}
284	11	22	2014	2015	{0.385378212}
285	11	24	2014	2015	{0.000263541704}
286	11	25	2014	2015	{0}
287	11	26	2014	2015	{0.00572110619}
288	12	1	2014	2015	{0.662959218}
289	12	2	2014	2015	{0.873919487}
290	12	3	2014	2015	{0.717892706}
291	12	4	2014	2015	{0.30773893}
292	12	5	2014	2015	{0.45890075}
293	12	6	2014	2015	{0.110406831}
294	12	7	2014	2015	{0.149885297}
295	12	8	2014	2015	{0.0425235368}
296	12	9	2014	2015	{0.357463181}
297	12	10	2014	2015	{0.498124629}
298	12	11	2014	2015	{0.284372896}
299	12	12	2014	2015	{0}
300	12	14	2014	2015	{0.139464274}
301	12	15	2014	2015	{0.157711446}
302	12	16	2014	2015	{0.0963753238}
303	12	17	2014	2015	{0.0233738516}
304	12	18	2014	2015	{0.157595322}
305	12	19	2014	2015	{0.0206433926}
306	12	20	2014	2015	{0.0420774221}
307	12	21	2014	2015	{0.26723969}
308	12	22	2014	2015	{0.444364369}
309	12	24	2014	2015	{0.00382664171}
310	12	25	2014	2015	{0.0827638432}
311	12	26	2014	2015	{0.0802173838}
312	13	1	2014	2015	{0.66740787}
313	13	2	2014	2015	{0.827625573}
314	13	3	2014	2015	{0.807486415}
315	13	4	2014	2015	{0.402700186}
316	13	5	2014	2015	{0.426791847}
317	13	6	2014	2015	{0.113121226}
318	13	7	2014	2015	{0.176147893}
319	13	8	2014	2015	{0.0442931876}
320	13	9	2014	2015	{0.220294774}
321	13	10	2014	2015	{0.576939642}
322	13	11	2014	2015	{0.195824921}
323	13	12	2014	2015	{0}
324	13	14	2014	2015	{0.130319938}
325	13	15	2014	2015	{0.11606776}
326	13	16	2014	2015	{0.0827088133}
327	13	17	2014	2015	{0.0182353593}
328	13	18	2014	2015	{0.0742895976}
329	13	19	2014	2015	{0.0189399049}
330	13	20	2014	2015	{0.0549839549}
331	13	21	2014	2015	{0.306276172}
332	13	22	2014	2015	{0.478484899}
333	13	24	2014	2015	{0.00277126627}
334	13	25	2014	2015	{0.0703071728}
335	13	26	2014	2015	{0.0401345678}
336	14	1	2014	2015	{0.685274184}
337	14	2	2014	2015	{0.812210381}
338	14	3	2014	2015	{0.763670623}
339	14	4	2014	2015	{0.503792644}
340	14	5	2014	2015	{0.64981091}
341	14	6	2014	2015	{0.185442999}
342	14	7	2014	2015	{0.0945742875}
343	14	8	2014	2015	{0.0298691615}
344	14	9	2014	2015	{0.214027479}
345	14	10	2014	2015	{0.540664017}
346	14	11	2014	2015	{0.307647109}
347	14	12	2014	2015	{0.030434506}
348	14	14	2014	2015	{0.153567016}
349	14	15	2014	2015	{0.142068565}
350	14	16	2014	2015	{0.154971167}
351	14	17	2014	2015	{0.0299815126}
352	14	18	2014	2015	{0.155995294}
353	14	19	2014	2015	{0.0188785475}
354	14	20	2014	2015	{0.0997472927}
355	14	21	2014	2015	{0.350011081}
356	14	22	2014	2015	{0.494107753}
357	14	24	2014	2015	{0.00571195642}
358	14	25	2014	2015	{0.0119117815}
359	14	26	2014	2015	{0.0586765371}
360	15	1	2014	2015	{0.680925012}
361	15	2	2014	2015	{0.868795753}
362	15	3	2014	2015	{0.785070062}
363	15	4	2014	2015	{0.522380173}
364	15	5	2014	2015	{0.684950829}
365	15	6	2014	2015	{0.165061831}
366	15	7	2014	2015	{0.117569976}
367	15	8	2014	2015	{0.0692008361}
368	15	9	2014	2015	{0.090288043}
369	15	10	2014	2015	{0.233219475}
370	15	11	2014	2015	{0.180634722}
371	15	12	2014	2015	{0}
372	15	14	2014	2015	{0.102617741}
373	15	15	2014	2015	{0.135702774}
374	15	16	2014	2015	{0.0814988613}
375	15	17	2014	2015	{0.0168904159}
376	15	18	2014	2015	{0.112403892}
377	15	19	2014	2015	{0.0311429072}
378	15	20	2014	2015	{0.0627822056}
379	15	21	2014	2015	{0.227051914}
380	15	22	2014	2015	{0.260374427}
381	15	24	2014	2015	{0.00651516765}
382	15	25	2014	2015	{0.0346525274}
383	15	26	2014	2015	{0.0354891159}
384	16	1	2014	2015	{0.446873248}
385	16	2	2014	2015	{0.729663074}
386	16	3	2014	2015	{0.637684345}
387	16	4	2014	2015	{0.388729274}
388	16	5	2014	2015	{0.540752292}
389	16	6	2014	2015	{0.132987827}
390	16	7	2014	2015	{0.202395394}
391	16	8	2014	2015	{0.088878274}
392	16	9	2014	2015	{0.0684051588}
393	16	10	2014	2015	{0.506538808}
394	16	11	2014	2015	{0.282568961}
395	16	12	2014	2015	{0}
396	16	14	2014	2015	{0.154529899}
397	16	15	2014	2015	{0.150647804}
398	16	16	2014	2015	{0.0973429307}
399	16	17	2014	2015	{0.0238618068}
400	16	18	2014	2015	{0.0960579813}
401	16	19	2014	2015	{0.017377153}
402	16	20	2014	2015	{0.0486480668}
403	16	21	2014	2015	{0.254070222}
404	16	22	2014	2015	{0.336686879}
405	16	24	2014	2015	{0.00250964775}
406	16	25	2014	2015	{0.00324117974}
407	16	26	2014	2015	{0.0306392796}
408	17	1	2014	2015	{0.712079346}
409	17	2	2014	2015	{0.878926814}
410	17	3	2014	2015	{0.79153949}
411	17	4	2014	2015	{0.245686337}
412	17	5	2014	2015	{0.360754639}
413	17	6	2014	2015	{0.0677422285}
414	17	7	2014	2015	{0.15318197}
415	17	8	2014	2015	{0.049583517}
416	17	9	2014	2015	{0.18708992}
417	17	10	2014	2015	{0.550488353}
418	17	11	2014	2015	{0.348491728}
419	17	12	2014	2015	{0}
420	17	14	2014	2015	{0.112160645}
421	17	15	2014	2015	{0.133757055}
422	17	16	2014	2015	{0.061054796}
423	17	17	2014	2015	{0.0467898585}
424	17	18	2014	2015	{0.363493949}
425	17	19	2014	2015	{0.0492037013}
426	17	20	2014	2015	{0.0429575257}
427	17	21	2014	2015	{0.387378067}
428	17	22	2014	2015	{0.499797225}
429	17	24	2014	2015	{0.00299633318}
430	17	25	2014	2015	{0.0237422772}
431	17	26	2014	2015	{0.100007519}
432	18	1	2014	2015	{0.592296839}
433	18	2	2014	2015	{0.821927726}
434	18	3	2014	2015	{0.820787609}
435	18	4	2014	2015	{0.296551436}
436	18	5	2014	2015	{0.400275171}
437	18	6	2014	2015	{0.0864390656}
438	18	7	2014	2015	{0.127134204}
439	18	8	2014	2015	{0.0753970295}
440	18	9	2014	2015	{0.0697248653}
441	18	10	2014	2015	{0.74011296}
442	18	11	2014	2015	{0.561601222}
443	18	12	2014	2015	{0}
444	18	14	2014	2015	{0.100442551}
445	18	15	2014	2015	{0.12111035}
446	18	16	2014	2015	{0.099865526}
447	18	17	2014	2015	{0.0729146376}
448	18	18	2014	2015	{0.258638948}
449	18	19	2014	2015	{0.0469977893}
450	18	20	2014	2015	{0.0737659112}
451	18	21	2014	2015	{0.287553996}
452	18	22	2014	2015	{0.284497768}
453	18	24	2014	2015	{0.00713976845}
454	18	25	2014	2015	{0.0375569053}
455	18	26	2014	2015	{0.0677005127}
456	19	1	2014	2015	{0.604238212}
457	19	2	2014	2015	{0.815729856}
458	19	3	2014	2015	{0.752839863}
459	19	4	2014	2015	{0.486655921}
460	19	5	2014	2015	{0.62627852}
461	19	6	2014	2015	{0.143871367}
462	19	7	2014	2015	{0.133093834}
463	19	8	2014	2015	{0.0645700097}
464	19	9	2014	2015	{0.139810577}
465	19	10	2014	2015	{0.572811961}
466	19	11	2014	2015	{0.375686288}
467	19	12	2014	2015	{0}
468	19	14	2014	2015	{0.107664488}
469	19	15	2014	2015	{0.108929045}
470	19	16	2014	2015	{0.0834547505}
471	19	17	2014	2015	{0.028263649}
472	19	18	2014	2015	{0.138406605}
473	19	19	2014	2015	{0.0223923009}
474	19	20	2014	2015	{0.0482962988}
475	19	21	2014	2015	{0.228652641}
476	19	22	2014	2015	{0.252828777}
477	19	24	2014	2015	{0.00452062069}
478	19	25	2014	2015	{0.0279810056}
479	19	26	2014	2015	{0.0391073525}
480	20	1	2014	2015	{0.76710856}
481	20	2	2014	2015	{0.817996025}
482	20	3	2014	2015	{0.887159169}
483	20	4	2014	2015	{0.0652299225}
484	20	5	2014	2015	{0.0392498709}
485	20	6	2014	2015	{0.0155452732}
486	20	7	2014	2015	{0.14924553}
487	20	8	2014	2015	{0.299855679}
488	20	9	2014	2015	{0.158441603}
489	20	10	2014	2015	{0.964766264}
490	20	11	2014	2015	{0.994730473}
491	20	12	2014	2015	{0}
492	20	14	2014	2015	{0.0957202166}
493	20	15	2014	2015	{0.0814990252}
494	20	16	2014	2015	{0.0515045784}
495	20	17	2014	2015	{0.239389777}
496	20	18	2014	2015	{0.882906675}
497	20	19	2014	2015	{0.164839253}
498	20	20	2014	2015	{0.0253273863}
499	20	21	2014	2015	{0.0354582518}
500	20	22	2014	2015	{0.104018576}
501	20	24	2014	2015	{0.00248586945}
502	20	25	2014	2015	{0}
503	20	26	2014	2015	{0.00629869895}
504	21	1	2014	2015	{0.79917556}
505	21	2	2014	2015	{0.884479284}
506	21	3	2014	2015	{0.810301661}
507	21	4	2014	2015	{0.36499089}
508	21	5	2014	2015	{0.460524976}
509	21	6	2014	2015	{0.157208025}
510	21	7	2014	2015	{0.134592518}
511	21	8	2014	2015	{0.0731777027}
512	21	9	2014	2015	{0.132366627}
513	21	10	2014	2015	{0.536132038}
514	21	11	2014	2015	{0.294252396}
515	21	12	2014	2015	{0.0344070196}
516	21	14	2014	2015	{0.122881278}
517	21	15	2014	2015	{0.204994947}
518	21	16	2014	2015	{0.0643537119}
519	21	17	2014	2015	{0.0480037443}
520	21	18	2014	2015	{0.285941958}
521	21	19	2014	2015	{0.0261737425}
522	21	20	2014	2015	{0.0679237172}
523	21	21	2014	2015	{0.271321148}
524	21	22	2014	2015	{0.475201458}
525	21	24	2014	2015	{0.00519372104}
526	21	25	2014	2015	{0.0180345736}
527	21	26	2014	2015	{0.0961564258}
528	22	1	2014	2015	{0.592959106}
529	22	2	2014	2015	{0.736356139}
530	22	3	2014	2015	{0.787007213}
531	22	4	2014	2015	{0.244902983}
532	22	5	2014	2015	{0.238417536}
533	22	6	2014	2015	{0.0856761634}
534	22	7	2014	2015	{0.323757023}
535	22	8	2014	2015	{0.0518484563}
536	22	9	2014	2015	{0.100847937}
537	22	10	2014	2015	{0.413465291}
538	22	11	2014	2015	{0.205854088}
539	22	12	2014	2015	{0.0302932709}
540	22	14	2014	2015	{0.211678714}
541	22	15	2014	2015	{0.0968938619}
542	22	16	2014	2015	{0.0855687112}
543	22	17	2014	2015	{0.0237672776}
544	22	18	2014	2015	{0.116408356}
545	22	19	2014	2015	{0.0182044227}
546	22	20	2014	2015	{0.0673878863}
547	22	21	2014	2015	{0.357656747}
548	22	22	2014	2015	{0.476257861}
549	22	24	2014	2015	{0.00261473469}
550	22	25	2014	2015	{0}
551	22	26	2014	2015	{0.0177077539}
552	23	1	2014	2015	{0.437317312}
553	23	2	2014	2015	{0.344308585}
554	23	3	2014	2015	{0.436448753}
555	23	4	2014	2015	{0.0437335931}
556	23	5	2014	2015	{0.100332782}
557	23	6	2014	2015	{0.0251880642}
558	23	7	2014	2015	{0.102767937}
559	23	8	2014	2015	{0.0247946158}
560	23	9	2014	2015	{0.320461571}
561	23	10	2014	2015	{0.3846744}
562	23	11	2014	2015	{0.31674999}
563	23	12	2014	2015	{0}
564	23	14	2014	2015	{0.069734782}
565	23	15	2014	2015	{0.118226267}
566	23	16	2014	2015	{0.0504990071}
567	23	17	2014	2015	{0.0499035269}
568	23	18	2014	2015	{0.223389298}
569	23	19	2014	2015	{0.0193976145}
570	23	20	2014	2015	{0.0161972828}
571	23	21	2014	2015	{0.0310837645}
572	23	22	2014	2015	{0.147282317}
573	23	24	2014	2015	{0.000698829652}
574	23	25	2014	2015	{0}
575	23	26	2014	2015	{0.0221355725}
576	24	1	2014	2015	{0.758776486}
577	24	2	2014	2015	{0.987082958}
578	24	3	2014	2015	{0.888385415}
579	24	4	2014	2015	{0.513814151}
580	24	5	2014	2015	{0.373280227}
581	24	6	2014	2015	{0.225866154}
582	24	7	2014	2015	{0.192016706}
583	24	8	2014	2015	{0.117454194}
584	24	9	2014	2015	{0.224416479}
585	24	10	2014	2015	{0.160913095}
586	24	11	2014	2015	{0.0739392489}
587	24	12	2014	2015	{0.204385161}
588	24	14	2014	2015	{0.109641083}
589	24	15	2014	2015	{0.24120675}
590	24	16	2014	2015	{0.0548086241}
591	24	17	2014	2015	{0.0235142875}
592	24	18	2014	2015	{0.185545102}
593	24	19	2014	2015	{0.0350461751}
594	24	20	2014	2015	{0.0452461131}
595	24	21	2014	2015	{0.227668181}
596	24	22	2014	2015	{0.304273963}
597	24	24	2014	2015	{0.00722110597}
598	24	25	2014	2015	{0.0221045464}
599	24	26	2014	2015	{0.0361938626}
600	25	1	2014	2015	{0.782823324}
601	25	2	2014	2015	{0.729748964}
602	25	3	2014	2015	{0.804221034}
603	25	4	2014	2015	{0.217811599}
604	25	5	2014	2015	{0.31094259}
605	25	6	2014	2015	{0.0944470093}
606	25	7	2014	2015	{0.0822140127}
607	25	8	2014	2015	{0.0175700262}
608	25	9	2014	2015	{0.282514572}
609	25	10	2014	2015	{0.39982599}
610	25	11	2014	2015	{0.202386305}
611	25	12	2014	2015	{0.127142057}
612	25	14	2014	2015	{0.139832377}
613	25	15	2014	2015	{0.147443846}
614	25	16	2014	2015	{0.156813517}
615	25	17	2014	2015	{0.0269989334}
616	25	18	2014	2015	{0.186510414}
617	25	19	2014	2015	{0.0166187156}
618	25	20	2014	2015	{0.0759574771}
619	25	21	2014	2015	{0.476320565}
620	25	22	2014	2015	{0.465938747}
621	25	24	2014	2015	{0.00206199731}
622	25	25	2014	2015	{0.0165854339}
623	25	26	2014	2015	{0.0335732065}
624	26	1	2014	2015	{0.712842524}
625	26	2	2014	2015	{0.799404979}
626	26	3	2014	2015	{0.79096961}
627	26	4	2014	2015	{0.49141103}
628	26	5	2014	2015	{0.465009928}
629	26	6	2014	2015	{0.151021466}
630	26	7	2014	2015	{0.13416636}
631	26	8	2014	2015	{0.054533951}
632	26	9	2014	2015	{0.208468601}
633	26	10	2014	2015	{0.538835108}
634	26	11	2014	2015	{0.175205424}
635	26	12	2014	2015	{0.232310444}
636	26	14	2014	2015	{0.130540207}
637	26	15	2014	2015	{0.107127905}
638	26	16	2014	2015	{0.073716633}
639	26	17	2014	2015	{0.0423139632}
640	26	18	2014	2015	{0.123428002}
641	26	19	2014	2015	{0.0343832523}
642	26	20	2014	2015	{0.0573153421}
643	26	21	2014	2015	{0.324453384}
644	26	22	2014	2015	{0.439163119}
645	26	24	2014	2015	{0.00449439883}
646	26	25	2014	2015	{0.129272833}
647	26	26	2014	2015	{0.0992364809}
648	27	1	2014	2015	{0.602230787}
649	27	2	2014	2015	{0.57182461}
650	27	3	2014	2015	{0.614680469}
651	27	4	2014	2015	{0.0908279493}
652	27	5	2014	2015	{0.225752041}
653	27	6	2014	2015	{0.0491279699}
654	27	7	2014	2015	{0.139445692}
655	27	8	2014	2015	{0.0703897178}
656	27	9	2014	2015	{0.0608434454}
657	27	10	2014	2015	{0.500760078}
658	27	11	2014	2015	{0.47472015}
659	27	12	2014	2015	{0}
660	27	14	2014	2015	{0.126853764}
661	27	15	2014	2015	{0.252717376}
662	27	16	2014	2015	{0.0898043588}
663	27	17	2014	2015	{0.0556897521}
664	27	18	2014	2015	{0.363007247}
665	27	19	2014	2015	{0.0229039043}
666	27	20	2014	2015	{0.0779164284}
667	27	21	2014	2015	{0.348504782}
668	27	22	2014	2015	{0.5153023}
669	27	24	2014	2015	{0.00191241165}
670	27	25	2014	2015	{0}
671	27	26	2014	2015	{0.0587014221}
672	28	1	2014	2015	{0.428370833}
673	28	2	2014	2015	{0.521423399}
674	28	3	2014	2015	{0.525758386}
675	28	4	2014	2015	{0}
676	28	5	2014	2015	{0}
677	28	6	2014	2015	{0}
678	28	7	2014	2015	{0.29851228}
679	28	8	2014	2015	{0.499235809}
680	28	9	2014	2015	{0.114435092}
681	28	14	2014	2015	{0.218324736}
682	28	15	2014	2015	{0.172221139}
683	28	16	2014	2015	{0.0828870088}
684	28	20	2014	2015	{0.0510474928}
685	28	21	2014	2015	{0.0276647657}
686	28	22	2014	2015	{0.193497628}
687	28	24	2014	2015	{0}
688	28	25	2014	2015	{0}
689	28	26	2014	2015	{0}
690	29	1	2014	2015	{0.640853524}
691	29	2	2014	2015	{0.735361218}
692	29	3	2014	2015	{0.775654376}
693	29	4	2014	2015	{0.364197999}
694	29	5	2014	2015	{0.58504504}
695	29	6	2014	2015	{0.120866165}
696	29	7	2014	2015	{0.180107296}
697	29	8	2014	2015	{0.0270094108}
698	29	9	2014	2015	{0.292960614}
699	29	10	2014	2015	{0.594891071}
700	29	11	2014	2015	{0.223203525}
701	29	12	2014	2015	{0.0890020877}
702	29	14	2014	2015	{0.0919574127}
703	29	15	2014	2015	{0.122617528}
704	29	16	2014	2015	{0.0550631322}
705	29	17	2014	2015	{0.0236670766}
706	29	18	2014	2015	{0.16688174}
707	29	19	2014	2015	{0.0136290602}
708	29	20	2014	2015	{0.0368547291}
709	29	21	2014	2015	{0.382501304}
710	29	22	2014	2015	{0.543844998}
711	29	24	2014	2015	{0.00280385395}
712	29	25	2014	2015	{0.020649258}
713	29	26	2014	2015	{0.125279874}
714	30	1	2014	2015	{0.713976026}
715	30	2	2014	2015	{0.93249625}
716	30	3	2014	2015	{0.880765915}
717	30	4	2014	2015	{0.720121861}
718	30	5	2014	2015	{0.865560114}
719	30	6	2014	2015	{0.315330356}
720	30	7	2014	2015	{0.166722}
721	30	8	2014	2015	{0.117877923}
722	30	9	2014	2015	{0.168787286}
723	30	10	2014	2015	{0.293127596}
724	30	11	2014	2015	{0.246197104}
725	30	12	2014	2015	{0.0139742251}
726	30	14	2014	2015	{0.287823945}
727	30	15	2014	2015	{0.331219524}
728	30	16	2014	2015	{0.162719384}
729	30	17	2014	2015	{0.0187242422}
730	30	18	2014	2015	{0.103994958}
731	30	19	2014	2015	{0.016215004}
732	30	20	2014	2015	{0.135782883}
733	30	21	2014	2015	{0.407212704}
734	30	22	2014	2015	{0.584051728}
735	30	24	2014	2015	{0.00522707915}
736	30	25	2014	2015	{0}
737	30	26	2014	2015	{0.0411574095}
738	31	1	2014	2015	{0.6220994}
739	31	2	2014	2015	{0.676453292}
740	31	3	2014	2015	{0.641203046}
741	31	4	2014	2015	{0.376651615}
742	31	5	2014	2015	{0.367229015}
743	31	6	2014	2015	{0.170531601}
744	31	7	2014	2015	{0.132108092}
745	31	8	2014	2015	{0.0877365246}
746	31	9	2014	2015	{0.0940329805}
747	31	10	2014	2015	{0.446188986}
748	31	11	2014	2015	{0.213965654}
749	31	12	2014	2015	{0}
750	31	14	2014	2015	{0.119808212}
751	31	15	2014	2015	{0.187806845}
752	31	16	2014	2015	{0.0764714628}
753	31	17	2014	2015	{0.00778888213}
754	31	18	2014	2015	{0.0446499139}
755	31	19	2014	2015	{0.00498294272}
756	31	20	2014	2015	{0.0570939779}
757	31	21	2014	2015	{0.12636137}
758	31	22	2014	2015	{0.338444114}
759	31	24	2014	2015	{0.00124843919}
760	31	25	2014	2015	{0}
761	31	26	2014	2015	{0.0116779441}
762	32	1	2014	2015	{0.655134559}
763	32	2	2014	2015	{1}
764	32	3	2014	2015	{0.725724995}
765	32	4	2014	2015	{0.0362753123}
766	32	5	2014	2015	{0.819087684}
767	32	6	2014	2015	{0.00871281605}
768	32	7	2014	2015	{0.154160574}
769	32	8	2014	2015	{0.000875982165}
770	32	9	2014	2015	{0.131830066}
771	32	10	2014	2015	{0.679587185}
772	32	11	2014	2015	{0.0488993861}
773	32	12	2014	2015	{0}
774	32	14	2014	2015	{0.0691423938}
775	32	15	2014	2015	{0.16633366}
776	32	16	2014	2015	{0.0578659028}
777	32	17	2014	2015	{0.031679295}
778	32	18	2014	2015	{0.182927251}
779	32	19	2014	2015	{0.0320530348}
780	32	20	2014	2015	{0.0571753681}
781	32	21	2014	2015	{0.751260638}
782	32	22	2014	2015	{0.653766692}
783	32	24	2014	2015	{0.00057085033}
784	32	25	2014	2015	{0}
785	32	26	2014	2015	{0.14092657}
786	33	1	2014	2015	{0.775290132}
787	33	2	2014	2015	{0.890159965}
788	33	3	2014	2015	{0.828629136}
789	33	4	2014	2015	{0.00126630836}
790	33	5	2014	2015	{0}
791	33	6	2014	2015	{0.000252618775}
792	33	7	2014	2015	{0.186480179}
793	33	8	2014	2015	{0.0037554591}
794	33	9	2014	2015	{0.225474983}
795	33	10	2014	2015	{1}
796	33	11	2014	2015	{0}
797	33	12	2014	2015	{0}
798	33	14	2014	2015	{0.0720328987}
799	33	15	2014	2015	{0.043579407}
800	33	16	2014	2015	{0.0453993566}
801	33	17	2014	2015	{0.179114714}
802	33	19	2014	2015	{0.179114714}
803	33	20	2014	2015	{0.0442884602}
804	33	21	2014	2015	{0.122472003}
805	33	22	2014	2015	{0.0887776241}
806	33	24	2014	2015	{8.0634738e-005}
807	33	25	2014	2015	{0.0158598144}
808	33	26	2014	2015	{0.0041935686}
809	34	1	2014	2015	{0.655295968}
810	34	2	2014	2015	{0.821894348}
811	34	3	2014	2015	{0.68175894}
812	34	4	2014	2015	{0.170166567}
813	34	5	2014	2015	{0.231415302}
814	34	6	2014	2015	{0.0537245087}
815	34	7	2014	2015	{0.0394078977}
816	34	8	2014	2015	{0.0235510543}
817	34	9	2014	2015	{0.629085481}
818	34	10	2014	2015	{0.564379513}
819	34	11	2014	2015	{0.400627971}
820	34	12	2014	2015	{0}
821	34	14	2014	2015	{0.0990803018}
822	34	15	2014	2015	{0.109079108}
823	34	16	2014	2015	{0.153255746}
824	34	17	2014	2015	{0.0509772263}
825	34	18	2014	2015	{0.14608483}
826	34	19	2014	2015	{0.0397952609}
827	34	20	2014	2015	{0.0407251753}
828	34	21	2014	2015	{0.283742338}
829	34	22	2014	2015	{0.369905263}
830	34	24	2014	2015	{0.00210740301}
831	34	25	2014	2015	{0.0881195664}
832	34	26	2014	2015	{0.05638716}
833	35	1	2014	2015	{0.643682718}
834	35	2	2014	2015	{0.776887894}
835	35	3	2014	2015	{0.897025704}
836	35	4	2014	2015	{0.375169009}
837	35	5	2014	2015	{0.383699715}
838	35	6	2014	2015	{0.0941218659}
839	35	7	2014	2015	{0.261282235}
840	35	8	2014	2015	{0.108435936}
841	35	9	2014	2015	{0.392477453}
842	35	10	2014	2015	{0.830308974}
843	35	11	2014	2015	{0.557643294}
844	35	12	2014	2015	{0}
845	35	14	2014	2015	{0.145096242}
846	35	15	2014	2015	{0.204237834}
847	35	16	2014	2015	{0.072139971}
848	35	17	2014	2015	{0.121875666}
849	35	18	2014	2015	{0.471564263}
850	35	19	2014	2015	{0.107880838}
851	35	20	2014	2015	{0.0504533015}
852	35	21	2014	2015	{0.431124032}
853	35	22	2014	2015	{0.364357084}
854	35	24	2014	2015	{0.0157632325}
855	35	25	2014	2015	{0.270527065}
856	35	26	2014	2015	{0.214592621}
857	36	1	2014	2015	{0.630349576}
858	36	2	2014	2015	{0.692062795}
859	36	3	2014	2015	{0.811997354}
860	36	4	2014	2015	{0.206030488}
861	36	5	2014	2015	{0.145420864}
862	36	6	2014	2015	{0.106245756}
863	36	7	2014	2015	{0.259381771}
864	36	8	2014	2015	{0.010116565}
865	36	9	2014	2015	{0.259892344}
866	36	10	2014	2015	{0.481868953}
867	36	11	2014	2015	{0.0143890679}
868	36	12	2014	2015	{0.0851509646}
869	36	14	2014	2015	{0.0631058887}
870	36	15	2014	2015	{0.110345535}
871	36	16	2014	2015	{0.0292409174}
872	36	17	2014	2015	{0.0316437632}
873	36	18	2014	2015	{0.154613078}
874	36	19	2014	2015	{0.0122094853}
875	36	20	2014	2015	{0.0170933101}
876	36	21	2014	2015	{0.135508969}
877	36	22	2014	2015	{0.306196183}
878	36	24	2014	2015	{0.00239355629}
879	36	25	2014	2015	{0}
880	36	26	2014	2015	{0.0277263019}
881	37	1	2014	2015	{0.537904203}
882	37	2	2014	2015	{0.532231867}
883	37	3	2014	2015	{0.610328734}
884	37	4	2014	2015	{0.0859569311}
885	37	5	2014	2015	{0.106533393}
886	37	6	2014	2015	{0.0534854755}
887	37	7	2014	2015	{0.236170009}
888	37	8	2014	2015	{0.0537382141}
889	37	9	2014	2015	{0.109459966}
890	37	10	2014	2015	{0.411014527}
891	37	11	2014	2015	{0.192811623}
892	37	12	2014	2015	{0.224015355}
893	37	14	2014	2015	{0.124320075}
894	37	15	2014	2015	{0.194723159}
895	37	16	2014	2015	{0.0443973318}
896	37	17	2014	2015	{0.0626800135}
897	37	18	2014	2015	{0.514653265}
898	37	19	2014	2015	{0.015501271}
899	37	20	2014	2015	{0.0327374525}
900	37	21	2014	2015	{0.228434131}
901	37	22	2014	2015	{0.239422917}
902	37	24	2014	2015	{0.00134879816}
903	37	25	2014	2015	{0.0106915561}
904	37	26	2014	2015	{0.0261717718}
905	38	1	2014	2015	{0.752468348}
906	38	2	2014	2015	{0.923094511}
907	38	3	2014	2015	{0.877442837}
908	38	4	2014	2015	{0.293120027}
909	38	5	2014	2015	{0.334445089}
910	38	6	2014	2015	{0.13969098}
911	38	7	2014	2015	{0.18881914}
912	38	8	2014	2015	{0.050194636}
913	38	9	2014	2015	{0.169759914}
914	38	10	2014	2015	{0.277595162}
915	38	11	2014	2015	{0.103201352}
916	38	12	2014	2015	{0.119739234}
917	38	14	2014	2015	{0.123034902}
918	38	15	2014	2015	{0.151397452}
919	38	16	2014	2015	{0.0633430555}
920	38	17	2014	2015	{0.0628060102}
921	38	18	2014	2015	{0.358263493}
922	38	19	2014	2015	{0.0513994396}
923	38	20	2014	2015	{0.0539218374}
924	38	21	2014	2015	{0.405799001}
925	38	22	2014	2015	{0.400331825}
926	38	24	2014	2015	{0.00916256104}
927	38	25	2014	2015	{0.0837797001}
928	38	26	2014	2015	{0.0844758302}
929	39	1	2014	2015	{0.585540116}
930	39	2	2014	2015	{0.783445418}
931	39	3	2014	2015	{0.617378235}
932	39	4	2014	2015	{0.241031632}
933	39	5	2014	2015	{0.428619534}
934	39	6	2014	2015	{0.0905740559}
935	39	7	2014	2015	{0.071524255}
936	39	8	2014	2015	{0.0343595557}
937	39	9	2014	2015	{0.33026278}
938	39	10	2014	2015	{0.369849145}
939	39	11	2014	2015	{0.195595905}
940	39	12	2014	2015	{0.407423109}
941	39	14	2014	2015	{0.0854717866}
942	39	15	2014	2015	{0.163471177}
943	39	16	2014	2015	{0.10284315}
944	39	17	2014	2015	{0.0214813706}
945	39	18	2014	2015	{0.120667554}
946	39	19	2014	2015	{0.0147872129}
947	39	20	2014	2015	{0.0182579067}
948	39	21	2014	2015	{0.0378212743}
949	39	22	2014	2015	{0.304810017}
950	39	24	2014	2015	{0.00103910326}
951	39	25	2014	2015	{0}
952	39	26	2014	2015	{0.0427988172}
953	40	1	2014	2015	{0.582497418}
954	40	2	2014	2015	{0.710837662}
955	40	3	2014	2015	{0.722595692}
956	40	4	2014	2015	{0.264966369}
957	40	5	2014	2015	{0.314785242}
958	40	6	2014	2015	{0.101513505}
959	40	7	2014	2015	{0.196880266}
960	40	8	2014	2015	{0.132739469}
961	40	9	2014	2015	{0.191193908}
962	40	10	2014	2015	{0.595840573}
963	40	11	2014	2015	{0.486818612}
964	40	12	2014	2015	{0.0509306155}
965	40	14	2014	2015	{0.117617086}
966	40	15	2014	2015	{0.155133322}
967	40	16	2014	2015	{0.0630805343}
968	40	17	2014	2015	{0.0431464463}
969	40	18	2014	2015	{0.289544433}
970	40	19	2014	2015	{0.0232754815}
971	40	20	2014	2015	{0.0461931601}
972	40	21	2014	2015	{0.149194941}
973	40	22	2014	2015	{0.315334111}
974	40	24	2014	2015	{0.00322395423}
975	40	25	2014	2015	{0.00175098574}
976	40	26	2014	2015	{0.0410735868}
977	41	1	2014	2015	{0.631765664}
978	41	2	2014	2015	{0.764669716}
979	41	3	2014	2015	{0.771125078}
980	41	4	2014	2015	{0.477175236}
981	41	5	2014	2015	{0.44664827}
982	41	6	2014	2015	{0.141916618}
983	41	7	2014	2015	{0.0909596831}
984	41	8	2014	2015	{0.0542503856}
985	41	9	2014	2015	{0.123220794}
986	41	10	2014	2015	{0.620502353}
987	41	11	2014	2015	{0.400522411}
988	41	12	2014	2015	{0}
989	41	14	2014	2015	{0.0976988301}
990	41	15	2014	2015	{0.104148246}
991	41	16	2014	2015	{0.104983367}
992	41	17	2014	2015	{0.0174179301}
993	41	18	2014	2015	{0.0893901139}
994	41	19	2014	2015	{0.0139676668}
995	41	20	2014	2015	{0.0751878545}
996	41	21	2014	2015	{0.302782893}
997	41	22	2014	2015	{0.364046633}
998	41	24	2014	2015	{0.00257059745}
999	41	25	2014	2015	{0.0344919786}
1000	41	26	2014	2015	{0.0211480092}
1001	42	1	2014	2015	{0.706682444}
1002	42	2	2014	2015	{0.907927752}
1003	42	3	2014	2015	{0.839312255}
1004	42	4	2014	2015	{0.497218847}
1005	42	5	2014	2015	{0.581257164}
1006	42	6	2014	2015	{0.180193663}
1007	42	7	2014	2015	{0.081357792}
1008	42	8	2014	2015	{0.0488557033}
1009	42	9	2014	2015	{0.168477371}
1010	42	10	2014	2015	{0.369913042}
1011	42	11	2014	2015	{0.2954835}
1012	42	12	2014	2015	{0.0410705172}
1013	42	14	2014	2015	{0.141308293}
1014	42	15	2014	2015	{0.143495858}
1015	42	16	2014	2015	{0.154490322}
1016	42	17	2014	2015	{0.027325172}
1017	42	18	2014	2015	{0.146295071}
1018	42	19	2014	2015	{0.0233055577}
1019	42	20	2014	2015	{0.0913911313}
1020	42	21	2014	2015	{0.316379815}
1021	42	22	2014	2015	{0.424026728}
1022	42	24	2014	2015	{0.00370573835}
1023	42	25	2014	2015	{0.0271212384}
1024	42	26	2014	2015	{0.0361687914}
1025	43	1	2014	2015	{0.711103916}
1026	43	2	2014	2015	{0.892259121}
1027	43	3	2014	2015	{0.89858669}
1028	43	4	2014	2015	{0.617112577}
1029	43	5	2014	2015	{0.558815479}
1030	43	6	2014	2015	{0.246054649}
1031	43	7	2014	2015	{0.17306295}
1032	43	8	2014	2015	{0.158819079}
1033	43	9	2014	2015	{0.139524266}
1034	43	10	2014	2015	{0.68031925}
1035	43	11	2014	2015	{0.58499819}
1036	43	12	2014	2015	{0.0166523252}
1037	43	14	2014	2015	{0.123223655}
1038	43	15	2014	2015	{0.161445364}
1039	43	16	2014	2015	{0.0757953376}
1040	43	17	2014	2015	{0.0253967308}
1041	43	18	2014	2015	{0.150640741}
1042	43	19	2014	2015	{0.0106026661}
1043	43	20	2014	2015	{0.0563141853}
1044	43	21	2014	2015	{0.0497884601}
1045	43	22	2014	2015	{0.325584114}
1046	43	24	2014	2015	{0.00497105438}
1047	43	25	2014	2015	{0}
1048	43	26	2014	2015	{0.059529651}
1049	44	1	2014	2015	{0.560230315}
1050	44	2	2014	2015	{0.695578098}
1051	44	3	2014	2015	{0.661726296}
1052	44	4	2014	2015	{0.271876246}
1053	44	5	2014	2015	{0.218941316}
1054	44	6	2014	2015	{0.110369712}
1055	44	7	2014	2015	{0.0970807374}
1056	44	8	2014	2015	{0.0187745932}
1057	44	9	2014	2015	{0.437140673}
1058	44	10	2014	2015	{0.236023903}
1059	44	11	2014	2015	{0.0494595803}
1060	44	12	2014	2015	{0.360791206}
1061	44	14	2014	2015	{0.119043544}
1062	44	15	2014	2015	{0.14382197}
1063	44	16	2014	2015	{0.136680081}
1064	44	17	2014	2015	{0.0265097767}
1065	44	18	2014	2015	{0.132842615}
1066	44	19	2014	2015	{0.0338534042}
1067	44	20	2014	2015	{0.0407505818}
1068	44	21	2014	2015	{0.281442642}
1069	44	22	2014	2015	{0.286558032}
1070	44	24	2014	2015	{0.00328924204}
1071	44	25	2014	2015	{0}
1072	44	26	2014	2015	{0.0154228592}
1073	45	1	2014	2015	{0.695608497}
1074	45	2	2014	2015	{0.813555062}
1075	45	3	2014	2015	{0.775751233}
1076	45	4	2014	2015	{0.376410931}
1077	45	5	2014	2015	{0.507926762}
1078	45	6	2014	2015	{0.125480816}
1079	45	7	2014	2015	{0.121894203}
1080	45	8	2014	2015	{0.0620831549}
1081	45	9	2014	2015	{0.105757602}
1082	45	10	2014	2015	{0.649518847}
1083	45	11	2014	2015	{0.555742919}
1084	45	12	2014	2015	{0.125947013}
1085	45	14	2014	2015	{0.134042844}
1086	45	15	2014	2015	{0.147914693}
1087	45	16	2014	2015	{0.092016615}
1088	45	17	2014	2015	{0.0398828164}
1089	45	18	2014	2015	{0.209717005}
1090	45	19	2014	2015	{0.0191132091}
1091	45	20	2014	2015	{0.0651592836}
1092	45	21	2014	2015	{0.283163995}
1093	45	22	2014	2015	{0.28370291}
1094	45	24	2014	2015	{0.00322055956}
1095	45	25	2014	2015	{0.0030775296}
1096	45	26	2014	2015	{0.0526414104}
1097	46	1	2014	2015	{0.587068439}
1098	46	2	2014	2015	{0.841020942}
1099	46	3	2014	2015	{0.803999305}
1100	46	4	2014	2015	{0.273325592}
1101	46	5	2014	2015	{0.393374294}
1102	46	6	2014	2015	{0.0724725425}
1103	46	7	2014	2015	{0.0952913091}
1104	46	8	2014	2015	{0.072144933}
1105	46	9	2014	2015	{0.305027544}
1106	46	10	2014	2015	{0.818790257}
1107	46	11	2014	2015	{0.659554839}
1108	46	12	2014	2015	{0}
1109	46	14	2014	2015	{0.0849082768}
1110	46	15	2014	2015	{0.106864333}
1111	46	16	2014	2015	{0.107837819}
1112	46	17	2014	2015	{0.0488106646}
1113	46	18	2014	2015	{0.187429383}
1114	46	19	2014	2015	{0.0369924642}
1115	46	20	2014	2015	{0.0356038846}
1116	46	21	2014	2015	{0.239223406}
1117	46	22	2014	2015	{0.223276854}
1118	46	24	2014	2015	{0.00401918031}
1119	46	25	2014	2015	{0.00595131982}
1120	46	26	2014	2015	{0.0432901904}
1121	47	1	2014	2015	{0.722616136}
1122	47	2	2014	2015	{0.766243994}
1123	47	3	2014	2015	{0.75124228}
1124	47	4	2014	2015	{0.412343025}
1125	47	5	2014	2015	{0.520476043}
1126	47	6	2014	2015	{0.16091238}
1127	47	7	2014	2015	{0.0742310509}
1128	47	8	2014	2015	{0.0277937613}
1129	47	9	2014	2015	{0.201510996}
1130	47	10	2014	2015	{0.474645883}
1131	47	11	2014	2015	{0.315990001}
1132	47	12	2014	2015	{0}
1133	47	14	2014	2015	{0.137208134}
1134	47	15	2014	2015	{0.133619428}
1135	47	16	2014	2015	{0.152376086}
1136	47	17	2014	2015	{0.0403331332}
1137	47	18	2014	2015	{0.231449977}
1138	47	19	2014	2015	{0.0282782037}
1139	47	20	2014	2015	{0.0867267996}
1140	47	21	2014	2015	{0.413851768}
1141	47	22	2014	2015	{0.437880516}
1142	47	24	2014	2015	{0.00608459674}
1143	47	25	2014	2015	{0.0720887333}
1144	47	26	2014	2015	{0.079154551}
1145	48	1	2014	2015	{0.653927147}
1146	48	2	2014	2015	{0.759781837}
1147	48	3	2014	2015	{0.702731907}
1148	48	4	2014	2015	{0.305868655}
1149	48	5	2014	2015	{0.503348589}
1150	48	6	2014	2015	{0.0868496224}
1151	48	7	2014	2015	{0.109575264}
1152	48	8	2014	2015	{0.0205652565}
1153	48	9	2014	2015	{0.229254559}
1154	48	10	2014	2015	{0.349228531}
1155	48	11	2014	2015	{0.224508002}
1156	48	12	2014	2015	{0}
1157	48	14	2014	2015	{0.149143845}
1158	48	15	2014	2015	{0.11205402}
1159	48	16	2014	2015	{0.108541645}
1160	48	17	2014	2015	{0.0197395775}
1161	48	18	2014	2015	{0.145946756}
1162	48	19	2014	2015	{0.0281528644}
1163	48	20	2014	2015	{0.0545244701}
1164	48	21	2014	2015	{0.418340147}
1165	48	22	2014	2015	{0.398112416}
1166	48	24	2014	2015	{0.00301001151}
1167	48	25	2014	2015	{0}
1168	48	26	2014	2015	{0.039993979}
1169	49	1	2014	2015	{0.626502931}
1170	49	2	2014	2015	{0.712914288}
1171	49	3	2014	2015	{0.687217176}
1172	49	4	2014	2015	{0.396106362}
1173	49	5	2014	2015	{0.470541358}
1174	49	6	2014	2015	{0.21644181}
1175	49	7	2014	2015	{0.137678832}
1176	49	8	2014	2015	{0.0540808924}
1177	49	9	2014	2015	{0.135752171}
1178	49	10	2014	2015	{0.334995627}
1179	49	11	2014	2015	{0.168047205}
1180	49	12	2014	2015	{0.114014685}
1181	49	14	2014	2015	{0.118818611}
1182	49	15	2014	2015	{0.135724962}
1183	49	16	2014	2015	{0.0836076066}
1184	49	17	2014	2015	{0.0539507754}
1185	49	18	2014	2015	{0.302649558}
1186	49	19	2014	2015	{0.0298216194}
1187	49	20	2014	2015	{0.0685036033}
1188	49	21	2014	2015	{0.343549371}
1189	49	22	2014	2015	{0.376218379}
1190	49	24	2014	2015	{0.00875196327}
1191	49	25	2014	2015	{0.0981218144}
1192	49	26	2014	2015	{0.103280231}
1193	50	1	2014	2015	{0.615829408}
1194	50	2	2014	2015	{0.618548155}
1195	50	3	2014	2015	{0.685731828}
1196	50	4	2014	2015	{0.420431435}
1197	50	5	2014	2015	{0.499882579}
1198	50	6	2014	2015	{0.15663819}
1199	50	7	2014	2015	{0.176491573}
1200	50	8	2014	2015	{0.10606876}
1201	50	9	2014	2015	{0.324081957}
1202	50	10	2014	2015	{0.246780217}
1203	50	11	2014	2015	{0.213511109}
1204	50	12	2014	2015	{0}
1205	50	14	2014	2015	{0.182513952}
1206	50	15	2014	2015	{0.22669737}
1207	50	16	2014	2015	{0.0699554458}
1208	50	17	2014	2015	{0.0346117206}
1209	50	18	2014	2015	{0.177546248}
1210	50	19	2014	2015	{0.0388235189}
1211	50	20	2014	2015	{0.0350056216}
1212	50	21	2014	2015	{0.24869667}
1213	50	22	2014	2015	{0.289918721}
1214	50	24	2014	2015	{0.00587764243}
1215	50	25	2014	2015	{0}
1216	50	26	2014	2015	{0.0370721295}
1217	51	1	2014	2015	{0.657880843}
1218	51	2	2014	2015	{0.73954457}
1219	51	3	2014	2015	{0.738270164}
1220	51	4	2014	2015	{0.240286991}
1221	51	5	2014	2015	{0.289913148}
1222	51	6	2014	2015	{0.0804600641}
1223	51	7	2014	2015	{0.140568092}
1224	51	8	2014	2015	{0.0653166845}
1225	51	9	2014	2015	{0.166826576}
1226	51	10	2014	2015	{0.586407065}
1227	51	11	2014	2015	{0.35028556}
1228	51	12	2014	2015	{0}
1229	51	14	2014	2015	{0.117235325}
1230	51	15	2014	2015	{0.181248099}
1231	51	16	2014	2015	{0.0594044477}
1232	51	17	2014	2015	{0.0546741113}
1233	51	18	2014	2015	{0.385741979}
1234	51	19	2014	2015	{0.0389099978}
1235	51	20	2014	2015	{0.041054558}
1236	51	21	2014	2015	{0.251324147}
1237	51	22	2014	2015	{0.3596811}
1238	51	24	2014	2015	{0.00334715284}
1239	51	25	2014	2015	{0.0201440044}
1240	51	26	2014	2015	{0.0673420653}
1241	52	1	2014	2015	{0.549643338}
1242	52	2	2014	2015	{0.662398756}
1243	52	3	2014	2015	{0.638263047}
1244	52	4	2014	2015	{0.197082847}
1245	52	5	2014	2015	{0.111629188}
1246	52	6	2014	2015	{0.0457428806}
1247	52	7	2014	2015	{0.0713898018}
1248	52	8	2014	2015	{0.0409196019}
1249	52	9	2014	2015	{0.179642096}
1250	52	10	2014	2015	{0.65369004}
1251	52	11	2014	2015	{0.27788192}
1252	52	12	2014	2015	{0}
1253	52	14	2014	2015	{0.0941542387}
1254	52	15	2014	2015	{0.120582476}
1255	52	16	2014	2015	{0.119444132}
1256	52	17	2014	2015	{0.0557108372}
1257	52	18	2014	2015	{0.415318936}
1258	52	19	2014	2015	{0.0592008494}
1259	52	20	2014	2015	{0.0536356717}
1260	52	21	2014	2015	{0.134525284}
1261	52	22	2014	2015	{0.295237571}
1262	52	24	2014	2015	{0.00375902979}
1263	52	25	2014	2015	{0.0289732814}
1264	52	26	2014	2015	{0.0340132788}
1265	53	1	2014	2015	{0.373145998}
1266	53	2	2014	2015	{0.456553012}
1267	53	3	2014	2015	{0.488218784}
1268	53	4	2014	2015	{0.110298179}
1269	53	5	2014	2015	{0}
1270	53	6	2014	2015	{0.0280601606}
1271	53	7	2014	2015	{0.250460893}
1272	53	8	2014	2015	{0.13856408}
1273	53	9	2014	2015	{0.105334356}
1274	53	10	2014	2015	{0.831906319}
1275	53	11	2014	2015	{0}
1276	53	12	2014	2015	{0}
1277	53	14	2014	2015	{0.200782016}
1278	53	15	2014	2015	{0.240319148}
1279	53	16	2014	2015	{0.0872618705}
1280	53	17	2014	2015	{0.105431311}
1281	53	19	2014	2015	{0.0940956771}
1282	53	20	2014	2015	{0.0495794192}
1283	53	21	2014	2015	{0.273838878}
1284	53	22	2014	2015	{0.376008183}
1285	53	24	2014	2015	{0.00442889472}
1286	53	25	2014	2015	{0.159308672}
1287	53	26	2014	2015	{0.0638550445}
1288	54	1	2014	2015	{0.570076346}
1289	54	2	2014	2015	{0.457273096}
1290	54	3	2014	2015	{0.523275495}
1291	54	4	2014	2015	{0.203756005}
1292	54	5	2014	2015	{0.154522106}
1293	54	6	2014	2015	{0.0612724721}
1294	54	7	2014	2015	{0.0694241822}
1295	54	8	2014	2015	{0.0286491066}
1296	54	9	2014	2015	{0.116667867}
1297	54	10	2014	2015	{0.670014203}
1298	54	11	2014	2015	{0.419416726}
1299	54	12	2014	2015	{0}
1300	54	14	2014	2015	{0.0779128373}
1301	54	15	2014	2015	{0.0871545374}
1302	54	16	2014	2015	{0.0871946737}
1303	54	17	2014	2015	{0.031923417}
1304	54	18	2014	2015	{0.219615385}
1305	54	19	2014	2015	{0.0262771845}
1306	54	20	2014	2015	{0.0349786654}
1307	54	21	2014	2015	{0.171159342}
1308	54	22	2014	2015	{0.179046169}
1309	54	24	2014	2015	{0.00245130062}
1310	54	25	2014	2015	{0.046363052}
1311	54	26	2014	2015	{0.0299310964}
1312	55	1	2014	2015	{0.599174857}
1313	55	2	2014	2015	{0.861515284}
1314	55	3	2014	2015	{0.672047257}
1315	55	4	2014	2015	{0.279382616}
1316	55	5	2014	2015	{0.445218682}
1317	55	6	2014	2015	{0.106830351}
1318	55	7	2014	2015	{0.165639848}
1319	55	8	2014	2015	{0.0937594771}
1320	55	9	2014	2015	{0.165059119}
1321	55	10	2014	2015	{0.237986386}
1322	55	11	2014	2015	{0.154832244}
1323	55	12	2014	2015	{0.0411188602}
1324	55	14	2014	2015	{0.132085145}
1325	55	15	2014	2015	{0.172452539}
1326	55	16	2014	2015	{0.0704936907}
1327	55	17	2014	2015	{0.0389388725}
1328	55	18	2014	2015	{0.183533058}
1329	55	19	2014	2015	{0.0500830151}
1330	55	20	2014	2015	{0.0602646135}
1331	55	21	2014	2015	{0.121813029}
1332	55	22	2014	2015	{0.322129369}
1333	55	24	2014	2015	{0.00695974613}
1334	55	25	2014	2015	{0.00526006613}
1335	55	26	2014	2015	{0.0393880494}
1336	56	1	2014	2015	{0.677132964}
1337	56	2	2014	2015	{0.929836214}
1338	56	3	2014	2015	{0.861563206}
1339	56	4	2014	2015	{0.074486427}
1340	56	5	2014	2015	{0.147012368}
1341	56	6	2014	2015	{0.0294984039}
1342	56	7	2014	2015	{0.237870917}
1343	56	8	2014	2015	{0.0492153317}
1344	56	9	2014	2015	{0.136300102}
1345	56	10	2014	2015	{0.482212096}
1346	56	11	2014	2015	{0.269741118}
1347	56	12	2014	2015	{0}
1348	56	14	2014	2015	{0.186027706}
1349	56	15	2014	2015	{0.244158223}
1350	56	16	2014	2015	{0.0998767689}
1351	56	17	2014	2015	{0.0213578865}
1352	56	18	2014	2015	{0.133024797}
1353	56	19	2014	2015	{0.0134499865}
1354	56	20	2014	2015	{0.0966900811}
1355	56	21	2014	2015	{0.540315986}
1356	56	22	2014	2015	{0.724147201}
1357	56	24	2014	2015	{0.000691148627}
1358	56	25	2014	2015	{0}
1359	56	26	2014	2015	{0.0266557466}
1360	57	1	2014	2015	{0.624977887}
1361	57	2	2014	2015	{0.785870314}
1362	57	3	2014	2015	{0.793048382}
1363	57	4	2014	2015	{0.239592373}
1364	57	5	2014	2015	{0.282441556}
1365	57	6	2014	2015	{0.131201804}
1366	57	7	2014	2015	{0.110432789}
1367	57	8	2014	2015	{0.0615776554}
1368	57	9	2014	2015	{0.0842052698}
1369	57	10	2014	2015	{0.463433951}
1370	57	11	2014	2015	{0.311238974}
1371	57	12	2014	2015	{0.200979754}
1372	57	14	2014	2015	{0.095346652}
1373	57	15	2014	2015	{0.106442228}
1374	57	16	2014	2015	{0.0767689198}
1375	57	17	2014	2015	{0.0494943298}
1376	57	18	2014	2015	{0.248414263}
1377	57	19	2014	2015	{0.0111569939}
1378	57	20	2014	2015	{0.0395761915}
1379	57	21	2014	2015	{0.169604644}
1380	57	22	2014	2015	{0.252747267}
1381	57	24	2014	2015	{0.00255081989}
1382	57	25	2014	2015	{0}
1383	57	26	2014	2015	{0.0416416451}
1384	58	1	2014	2015	{0.647305608}
1385	58	2	2014	2015	{0.876878679}
1386	58	3	2014	2015	{0.796104312}
1387	58	4	2014	2015	{0.178086877}
1388	58	5	2014	2015	{0.349299699}
1389	58	6	2014	2015	{0.0626596957}
1390	58	7	2014	2015	{0.153814182}
1391	58	8	2014	2015	{0.0681843758}
1392	58	9	2014	2015	{0.24443993}
1393	58	10	2014	2015	{0.440238804}
1394	58	11	2014	2015	{0.314323246}
1395	58	12	2014	2015	{0}
1396	58	14	2014	2015	{0.1533674}
1397	58	15	2014	2015	{0.199745893}
1398	58	16	2014	2015	{0.0916415751}
1399	58	17	2014	2015	{0.0672460347}
1400	58	18	2014	2015	{0.295336992}
1401	58	19	2014	2015	{0.0477539711}
1402	58	20	2014	2015	{0.0536564253}
1403	58	21	2014	2015	{0.219517633}
1404	58	22	2014	2015	{0.381834388}
1405	58	24	2014	2015	{0.00377256912}
1406	58	25	2014	2015	{0}
1407	58	26	2014	2015	{0.0598215275}
1408	59	1	2014	2015	{0.722852051}
1409	59	2	2014	2015	{0.670195878}
1410	59	3	2014	2015	{0.653351128}
1411	59	4	2014	2015	{0.283745021}
1412	59	5	2014	2015	{0.33951813}
1413	59	6	2014	2015	{0.109449729}
1414	59	7	2014	2015	{0.0703070983}
1415	59	8	2014	2015	{0.0354846157}
1416	59	9	2014	2015	{0.363194197}
1417	59	10	2014	2015	{0.436980695}
1418	59	11	2014	2015	{0.153880566}
1419	59	12	2014	2015	{0}
1420	59	14	2014	2015	{0.129057691}
1421	59	15	2014	2015	{0.145750955}
1422	59	16	2014	2015	{0.131631419}
1423	59	17	2014	2015	{0.0208528154}
1424	59	18	2014	2015	{0.0496942289}
1425	59	19	2014	2015	{0.0158858523}
1426	59	20	2014	2015	{0.0374236852}
1427	59	21	2014	2015	{0.3129462}
1428	59	22	2014	2015	{0.491906792}
1429	59	24	2014	2015	{0.0026636268}
1430	59	25	2014	2015	{0.0525276028}
1431	59	26	2014	2015	{0.0272218622}
1432	60	1	2014	2015	{0.45868203}
1433	60	2	2014	2015	{0.61332196}
1434	60	3	2014	2015	{0.681445479}
1435	60	4	2014	2015	{0.0471307524}
1436	60	5	2014	2015	{0.0710782483}
1437	60	6	2014	2015	{0.0107158665}
1438	60	7	2014	2015	{0.382461131}
1439	60	8	2014	2015	{0.132314771}
1440	60	9	2014	2015	{0.0615164414}
1441	60	10	2014	2015	{0.888969541}
1442	60	11	2014	2015	{0.599972665}
1443	60	12	2014	2015	{0}
1444	60	14	2014	2015	{0.0953445137}
1445	60	15	2014	2015	{0.113316342}
1446	60	16	2014	2015	{0.0263433792}
1447	60	17	2014	2015	{0.086988993}
1448	60	18	2014	2015	{0.352617085}
1449	60	19	2014	2015	{0.067666173}
1450	60	20	2014	2015	{0.0199341532}
1451	60	21	2014	2015	{0.163781539}
1452	60	22	2014	2015	{0.179161057}
1453	60	24	2014	2015	{0.000740284158}
1454	60	25	2014	2015	{0}
1455	60	26	2014	2015	{0.0128538245}
1456	61	1	2014	2015	{0.651906371}
1457	61	2	2014	2015	{0.842688322}
1458	61	3	2014	2015	{0.782093048}
1459	61	4	2014	2015	{0.345072448}
1460	61	5	2014	2015	{0.447380871}
1461	61	6	2014	2015	{0.102098793}
1462	61	7	2014	2015	{0.161086455}
1463	61	8	2014	2015	{0.104751788}
1464	61	9	2014	2015	{0.0603477024}
1465	61	10	2014	2015	{0.597398639}
1466	61	11	2014	2015	{0.406686991}
1467	61	12	2014	2015	{0}
1468	61	14	2014	2015	{0.0875131041}
1469	61	15	2014	2015	{0.122911699}
1470	61	16	2014	2015	{0.0538224466}
1471	61	17	2014	2015	{0.0282689128}
1472	61	18	2014	2015	{0.139647156}
1473	61	19	2014	2015	{0.0232569277}
1474	61	20	2014	2015	{0.0414681807}
1475	61	21	2014	2015	{0.149356097}
1476	61	22	2014	2015	{0.285024792}
1477	61	24	2014	2015	{0.0030477955}
1478	61	25	2014	2015	{0.0149669368}
1479	61	26	2014	2015	{0.045425415}
1480	62	1	2014	2015	{0.682447016}
1481	62	2	2014	2015	{0.772330582}
1482	62	3	2014	2015	{0.781872988}
1483	62	4	2014	2015	{0.285486311}
1484	62	5	2014	2015	{0.298073649}
1485	62	6	2014	2015	{0.12318588}
1486	62	7	2014	2015	{0.116073348}
1487	62	8	2014	2015	{0.101069681}
1488	62	9	2014	2015	{0.110969588}
1489	62	10	2014	2015	{0.19674103}
1490	62	11	2014	2015	{0.159195244}
1491	62	12	2014	2015	{0.12227305}
1492	62	14	2014	2015	{0.104638383}
1493	62	15	2014	2015	{0.119946152}
1494	62	16	2014	2015	{0.0768774003}
1495	62	17	2014	2015	{0.0146505004}
1496	62	18	2014	2015	{0.0637893155}
1497	62	19	2014	2015	{0.020446239}
1498	62	20	2014	2015	{0.0608381517}
1499	62	21	2014	2015	{0.111608274}
1500	62	22	2014	2015	{0.308505535}
1501	62	24	2014	2015	{0.0021997455}
1502	62	25	2014	2015	{0.00492895814}
1503	62	26	2014	2015	{0.0131259067}
1504	63	1	2014	2015	{0.593623042}
1505	63	2	2014	2015	{0.879234493}
1506	63	3	2014	2015	{0.858971834}
1507	63	4	2014	2015	{0.387660116}
1508	63	5	2014	2015	{0.2969203}
1509	63	6	2014	2015	{0.109078504}
1510	63	7	2014	2015	{0.41652748}
1511	63	8	2014	2015	{0.375203639}
1512	63	9	2014	2015	{0.251918077}
1513	63	10	2014	2015	{0.646785438}
1514	63	11	2014	2015	{0.237561613}
1515	63	12	2014	2015	{0.0608321056}
1516	63	14	2014	2015	{0.113903515}
1517	63	15	2014	2015	{0.144706726}
1518	63	16	2014	2015	{0.0263161361}
1519	63	17	2014	2015	{0.0244354475}
1520	63	18	2014	2015	{0.0603862703}
1521	63	19	2014	2015	{0.0164621454}
1522	63	20	2014	2015	{0.0200438015}
1523	63	21	2014	2015	{0}
1524	63	22	2014	2015	{0.402272642}
1525	63	24	2014	2015	{0.00220771087}
1526	63	25	2014	2015	{0}
1527	63	26	2014	2015	{0.0271924008}
1528	64	1	2014	2015	{0.720972955}
1529	64	2	2014	2015	{0.909917355}
1530	64	3	2014	2015	{0.858016849}
1531	64	4	2014	2015	{0.335414976}
1532	64	5	2014	2015	{0.406896085}
1533	64	6	2014	2015	{0.132564127}
1534	64	7	2014	2015	{0.125479087}
1535	64	8	2014	2015	{0.041625876}
1536	64	9	2014	2015	{0.213515222}
1537	64	10	2014	2015	{0.469165802}
1538	64	11	2014	2015	{0.233835131}
1539	64	12	2014	2015	{0.128697038}
1540	64	14	2014	2015	{0.12334539}
1541	64	15	2014	2015	{0.174859285}
1542	64	16	2014	2015	{0.0854343474}
1543	64	17	2014	2015	{0.044848863}
1544	64	18	2014	2015	{0.208097905}
1545	64	19	2014	2015	{0.0236158036}
1546	64	20	2014	2015	{0.0491071939}
1547	64	21	2014	2015	{0.259387732}
1548	64	22	2014	2015	{0.37145853}
1549	64	24	2014	2015	{0.00461911783}
1550	64	25	2014	2015	{0}
1551	64	26	2014	2015	{0.0790618807}
1552	65	1	2014	2015	{0.629817188}
1553	65	2	2014	2015	{0.888978601}
1554	65	3	2014	2015	{0.880769193}
1555	65	4	2014	2015	{0.687992454}
1556	65	5	2014	2015	{0.688472927}
1557	65	6	2014	2015	{0.342087358}
1558	65	7	2014	2015	{0.0911169723}
1559	65	8	2014	2015	{0.102111064}
1560	65	9	2014	2015	{0.536206543}
1561	65	10	2014	2015	{0.310507268}
1562	65	11	2014	2015	{0.322077364}
1563	65	12	2014	2015	{0.206887051}
1564	65	14	2014	2015	{0.112737946}
1565	65	15	2014	2015	{0.121194288}
1566	65	16	2014	2015	{0.131858945}
1567	65	17	2014	2015	{0.00984987151}
1568	65	18	2014	2015	{0.0443305224}
1569	65	19	2014	2015	{0.00632787356}
1570	65	20	2014	2015	{0.020765271}
1571	65	21	2014	2015	{0.111360833}
1572	65	22	2014	2015	{0.25537774}
1573	65	24	2014	2015	{0.00168445124}
1574	65	25	2014	2015	{0}
1575	65	26	2014	2015	{0.0164617524}
1576	66	1	2014	2015	{0.582231104}
1577	66	2	2014	2015	{0.796511114}
1578	66	3	2014	2015	{0.718352735}
1579	66	4	2014	2015	{0.140815645}
1580	66	5	2014	2015	{0.172099143}
1581	66	6	2014	2015	{0.0503642298}
1582	66	7	2014	2015	{0.0933536738}
1583	66	8	2014	2015	{0.0592060909}
1584	66	9	2014	2015	{0.121579841}
1585	66	10	2014	2015	{0.517226398}
1586	66	11	2014	2015	{0.373449057}
1587	66	12	2014	2015	{0}
1588	66	14	2014	2015	{0.0965775102}
1589	66	15	2014	2015	{0.121844694}
1590	66	16	2014	2015	{0.0812671557}
1591	66	17	2014	2015	{0.0425460637}
1592	66	18	2014	2015	{0.239579916}
1593	66	19	2014	2015	{0.0274710357}
1594	66	20	2014	2015	{0.0536089838}
1595	66	21	2014	2015	{0.229332477}
1596	66	22	2014	2015	{0.292719036}
1597	66	24	2014	2015	{0.00150723557}
1598	66	25	2014	2015	{0.0121749071}
1599	66	26	2014	2015	{0.0204517897}
1600	67	1	2014	2015	{0.614082098}
1601	67	2	2014	2015	{0.663429201}
1602	67	3	2014	2015	{0.684975624}
1603	67	4	2014	2015	{0.434334487}
1604	67	5	2014	2015	{0.505801857}
1605	67	6	2014	2015	{0.263926774}
1606	67	7	2014	2015	{0.0246456154}
1607	67	8	2014	2015	{0.0194574967}
1608	67	9	2014	2015	{0.433574706}
1609	67	10	2014	2015	{0.243372649}
1610	67	11	2014	2015	{0.232373267}
1611	67	12	2014	2015	{0.0872516707}
1612	67	14	2014	2015	{0.096763961}
1613	67	15	2014	2015	{0.109572172}
1614	67	16	2014	2015	{0.252120048}
1615	67	17	2014	2015	{0.0384732857}
1616	67	18	2014	2015	{0.198708043}
1617	67	19	2014	2015	{0.0228740517}
1618	67	20	2014	2015	{0.0684182942}
1619	67	21	2014	2015	{0.38027665}
1620	67	22	2014	2015	{0.380054444}
1621	67	24	2014	2015	{0.00505000679}
1622	67	25	2014	2015	{0}
1623	67	26	2014	2015	{0.0316287689}
1624	68	1	2014	2015	{0.819664299}
1625	68	2	2014	2015	{0.89471513}
1626	68	3	2014	2015	{0.894477367}
1627	68	4	2014	2015	{0.741808474}
1628	68	5	2014	2015	{0.738362551}
1629	68	6	2014	2015	{0.579442978}
1630	68	7	2014	2015	{0.0621574558}
1631	68	8	2014	2015	{0.0775728002}
1632	68	9	2014	2015	{0.226130649}
1633	68	10	2014	2015	{0.289731324}
1634	68	11	2014	2015	{0.366490662}
1635	68	12	2014	2015	{0.0370008238}
1636	68	14	2014	2015	{0.138203874}
1637	68	15	2014	2015	{0.110509858}
1638	68	16	2014	2015	{0.124970257}
1639	68	17	2014	2015	{0.0242791977}
1640	68	18	2014	2015	{0.0866700262}
1641	68	19	2014	2015	{0.00806443952}
1642	68	20	2014	2015	{0.106576547}
1643	68	21	2014	2015	{0.313268602}
1644	68	22	2014	2015	{0.381032199}
1645	68	24	2014	2015	{0.00485964306}
1646	68	25	2014	2015	{0.06149799}
1647	68	26	2014	2015	{0.025532078}
1648	69	1	2014	2015	{0.539249897}
1649	69	2	2014	2015	{0.610402584}
1650	69	3	2014	2015	{0.613894045}
1651	69	4	2014	2015	{0.012288644}
1652	69	5	2014	2015	{0.0108964844}
1653	69	6	2014	2015	{0.0180881135}
1654	69	7	2014	2015	{0.0533619449}
1655	69	8	2014	2015	{0.0637385026}
1656	69	9	2014	2015	{0.261979342}
1657	69	10	2014	2015	{0.224740624}
1658	69	11	2014	2015	{0.224740624}
1659	69	12	2014	2015	{0}
1660	69	14	2014	2015	{0.0877243802}
1661	69	15	2014	2015	{0.0902201384}
1662	69	16	2014	2015	{0.146863505}
1663	69	17	2014	2015	{0.0880526155}
1664	69	18	2014	2015	{0.528315723}
1665	69	19	2014	2015	{0.0236944798}
1666	69	20	2014	2015	{0.0638330132}
1667	69	21	2014	2015	{0.171999529}
1668	69	22	2014	2015	{0.260658532}
1669	69	24	2014	2015	{0.000583150308}
1670	69	25	2014	2015	{0}
1671	69	26	2014	2015	{0.00262455107}
1672	70	1	2014	2015	{0.836206079}
1673	70	2	2014	2015	{0.876491964}
1674	70	3	2014	2015	{0.811715245}
1675	70	4	2014	2015	{0.811715245}
1676	70	5	2014	2015	{0.829188585}
1677	70	6	2014	2015	{0.490398377}
1678	70	7	2014	2015	{0.120937094}
1679	70	8	2014	2015	{0.316747367}
1680	70	9	2014	2015	{0.247543335}
1681	70	10	2014	2015	{0.343587309}
1682	70	11	2014	2015	{0.792186975}
1683	70	12	2014	2015	{0.0244991146}
1684	70	14	2014	2015	{0.196717486}
1685	70	15	2014	2015	{0.160241172}
1686	70	16	2014	2015	{0.0871445686}
1687	70	17	2014	2015	{0.0234965067}
1688	70	18	2014	2015	{0.0686368942}
1689	70	19	2014	2015	{0.00994493347}
1690	70	20	2014	2015	{0.064485766}
1691	70	21	2014	2015	{0.084886089}
1692	70	22	2014	2015	{0.239079386}
1693	70	24	2014	2015	{0.00591121567}
1694	70	25	2014	2015	{0}
1695	70	26	2014	2015	{0.0282628797}
1696	71	1	2014	2015	{0.724565923}
1697	71	2	2014	2015	{0.60441947}
1698	71	3	2014	2015	{0.673272669}
1699	71	4	2014	2015	{0.402032346}
1700	71	5	2014	2015	{0.27401498}
1701	71	6	2014	2015	{0.191786125}
1702	71	7	2014	2015	{0.0417504646}
1703	71	8	2014	2015	{0.0759413391}
1704	71	9	2014	2015	{0.387750238}
1705	71	10	2014	2015	{0.497988105}
1706	71	11	2014	2015	{0.560047328}
1707	71	12	2014	2015	{0.127279654}
1708	71	14	2014	2015	{0.125264585}
1709	71	15	2014	2015	{0.121757306}
1710	71	16	2014	2015	{0.189729318}
1711	71	17	2014	2015	{0.0494331755}
1712	71	18	2014	2015	{0.231626481}
1713	71	19	2014	2015	{0.0209453274}
1714	71	20	2014	2015	{0.0774407461}
1715	71	21	2014	2015	{0.279229999}
1716	71	22	2014	2015	{0.32754007}
1717	71	24	2014	2015	{0.00530606648}
1718	71	25	2014	2015	{0}
1719	71	26	2014	2015	{0.0234496314}
1720	72	1	2014	2015	{0.798985064}
1721	72	2	2014	2015	{0.909903705}
1722	72	3	2014	2015	{0.850335002}
1723	72	4	2014	2015	{0.209152386}
1724	72	5	2014	2015	{0.275076002}
1725	72	6	2014	2015	{0.0754722208}
1726	72	7	2014	2015	{0.12581037}
1727	72	8	2014	2015	{0.0868506506}
1728	72	9	2014	2015	{0.29473877}
1729	72	10	2014	2015	{0.601596177}
1730	72	11	2014	2015	{0.407118589}
1731	72	12	2014	2015	{0.100754499}
1732	72	14	2014	2015	{0.120808564}
1733	72	15	2014	2015	{0.154276103}
1734	72	16	2014	2015	{0.0880436003}
1735	72	17	2014	2015	{0.0590513088}
1736	72	18	2014	2015	{0.284719288}
1737	72	19	2014	2015	{0.0342770219}
1738	72	20	2014	2015	{0.0688605681}
1739	72	21	2014	2015	{0.262589425}
1740	72	22	2014	2015	{0.451583445}
1741	72	24	2014	2015	{0.00390307535}
1742	72	25	2014	2015	{0}
1743	72	26	2014	2015	{0.042229332}
1744	73	1	2014	2015	{0.594004631}
1745	73	2	2014	2015	{0.451662958}
1746	73	3	2014	2015	{0.594122112}
1747	73	4	2014	2015	{0.0817940459}
1748	73	5	2014	2015	{0.0685188621}
1749	73	6	2014	2015	{0.0649220347}
1750	73	7	2014	2015	{0.144700572}
1751	73	8	2014	2015	{0.0280784331}
1752	73	9	2014	2015	{0.200141728}
1753	73	10	2014	2015	{0.131601214}
1754	73	11	2014	2015	{0.0841711462}
1755	73	12	2014	2015	{0.309531897}
1756	73	14	2014	2015	{0.197995082}
1757	73	15	2014	2015	{0.119874798}
1758	73	16	2014	2015	{0.109168142}
1759	73	17	2014	2015	{0.0295273922}
1760	73	18	2014	2015	{0.190165371}
1761	73	19	2014	2015	{0.0235054921}
1762	73	20	2014	2015	{0.0682251453}
1763	73	21	2014	2015	{0.360412776}
1764	73	22	2014	2015	{0.387559175}
1765	73	24	2014	2015	{0.00151351246}
1766	73	25	2014	2015	{0}
1767	73	26	2014	2015	{0.00975317974}
1768	74	1	2014	2015	{0.657786727}
1769	74	2	2014	2015	{0.878097534}
1770	74	3	2014	2015	{0.792466998}
1771	74	4	2014	2015	{0.403959572}
1772	74	5	2014	2015	{0.415621996}
1773	74	6	2014	2015	{0.208157748}
1774	74	7	2014	2015	{0.170796007}
1775	74	8	2014	2015	{0.145294502}
1776	74	9	2014	2015	{0.215699196}
1777	74	10	2014	2015	{0.293581724}
1778	74	11	2014	2015	{0.200343117}
1779	74	12	2014	2015	{0.263657182}
1780	74	14	2014	2015	{0.118447937}
1781	74	15	2014	2015	{0.137580246}
1782	74	16	2014	2015	{0.0646185204}
1783	74	17	2014	2015	{0.0179168601}
1784	74	18	2014	2015	{0.0808877498}
1785	74	19	2014	2015	{0.0122700706}
1786	74	20	2014	2015	{0.0345043689}
1787	74	21	2014	2015	{0.0723275095}
1788	74	22	2014	2015	{0.279782474}
1789	74	24	2014	2015	{0.0024174822}
1790	74	25	2014	2015	{0}
1791	74	26	2014	2015	{0.0210233126}
1792	75	1	2014	2015	{0.732069314}
1793	75	2	2014	2015	{0.825545907}
1794	75	3	2014	2015	{0.803831816}
1795	75	4	2014	2015	{0.426725298}
1796	75	5	2014	2015	{0.546482265}
1797	75	6	2014	2015	{0.208631992}
1798	75	7	2014	2015	{0.121228822}
1799	75	8	2014	2015	{0.0214839038}
1800	75	9	2014	2015	{0.26684773}
1801	75	10	2014	2015	{0.188988194}
1802	75	11	2014	2015	{0.0675331354}
1803	75	12	2014	2015	{0.169869632}
1804	75	14	2014	2015	{0.0659752116}
1805	75	15	2014	2015	{0.140250325}
1806	75	16	2014	2015	{0.0649667159}
1807	75	17	2014	2015	{0.00829494558}
1808	75	18	2014	2015	{0.117161155}
1809	75	19	2014	2015	{0.0117755188}
1810	75	20	2014	2015	{0.0474433154}
1811	75	21	2014	2015	{0.360247284}
1812	75	22	2014	2015	{0.244984955}
1813	75	24	2014	2015	{0.00148434949}
1814	75	25	2014	2015	{0.0612088889}
1815	75	26	2014	2015	{0.0371631347}
1816	76	1	2014	2015	{0.686794996}
1817	76	2	2014	2015	{0.818896532}
1818	76	3	2014	2015	{0.800174654}
1819	76	4	2014	2015	{0.496203393}
1820	76	5	2014	2015	{0.436285704}
1821	76	6	2014	2015	{0.140695065}
1822	76	7	2014	2015	{0.149239942}
1823	76	8	2014	2015	{0.151581809}
1824	76	9	2014	2015	{0.344119251}
1825	76	10	2014	2015	{0.613476217}
1826	76	11	2014	2015	{0.574332178}
1827	76	12	2014	2015	{0}
1828	76	14	2014	2015	{0.143010899}
1829	76	15	2014	2015	{0.141316339}
1830	76	16	2014	2015	{0.0836268738}
1831	76	17	2014	2015	{0.013856451}
1832	76	18	2014	2015	{0.0741289109}
1833	76	19	2014	2015	{0.0126820188}
1834	76	20	2014	2015	{0.0349046998}
1835	76	21	2014	2015	{0.138450623}
1836	76	22	2014	2015	{0.318108737}
1837	76	24	2014	2015	{0.00228786212}
1838	76	25	2014	2015	{0}
1839	76	26	2014	2015	{0.0184186138}
1840	77	1	2014	2015	{0.78104651}
1841	77	2	2014	2015	{0.908671379}
1842	77	3	2014	2015	{0.913354099}
1843	77	4	2014	2015	{0.57616502}
1844	77	5	2014	2015	{0.589639366}
1845	77	6	2014	2015	{0.369484603}
1846	77	7	2014	2015	{0.0974519327}
1847	77	8	2014	2015	{0.172302842}
1848	77	9	2014	2015	{0.102223717}
1849	77	10	2014	2015	{0.356437713}
1850	77	11	2014	2015	{0.454748571}
1851	77	12	2014	2015	{0}
1852	77	14	2014	2015	{0.126795307}
1853	77	15	2014	2015	{0.14185369}
1854	77	16	2014	2015	{0.108344704}
1855	77	17	2014	2015	{0.0145043228}
1856	77	18	2014	2015	{0.0511782877}
1857	77	19	2014	2015	{0.00611190451}
1858	77	20	2014	2015	{0.0735038742}
1859	77	21	2014	2015	{0.134100392}
1860	77	22	2014	2015	{0.324705839}
1861	77	24	2014	2015	{0.00248129969}
1862	77	25	2014	2015	{0}
1863	77	26	2014	2015	{0.0155963805}
1864	78	1	2014	2015	{0.714628875}
1865	78	2	2014	2015	{0.892105579}
1866	78	3	2014	2015	{0.843457937}
1867	78	4	2014	2015	{0.155031279}
1868	78	5	2014	2015	{0.244046256}
1869	78	6	2014	2015	{0.116232961}
1870	78	7	2014	2015	{0.0754671097}
1871	78	8	2014	2015	{0.0187603012}
1872	78	9	2014	2015	{0.31793642}
1873	78	10	2014	2015	{0.236971229}
1874	78	11	2014	2015	{0.074727118}
1875	78	12	2014	2015	{0.272531778}
1876	78	14	2014	2015	{0.0830448195}
1877	78	15	2014	2015	{0.138647467}
1878	78	16	2014	2015	{0.0981242433}
1879	78	17	2014	2015	{0.0382736884}
1880	78	18	2014	2015	{0.165048704}
1881	78	19	2014	2015	{0.0192750283}
1882	78	20	2014	2015	{0.0399876088}
1883	78	21	2014	2015	{0.431235164}
1884	78	22	2014	2015	{0.524273038}
1885	78	24	2014	2015	{0.00197707466}
1886	78	25	2014	2015	{0.0474563204}
1887	78	26	2014	2015	{0.0531402677}
1888	79	1	2014	2015	{0.738542259}
1889	79	2	2014	2015	{0.88587141}
1890	79	3	2014	2015	{0.932704568}
1891	79	4	2014	2015	{0.726935148}
1892	79	5	2014	2015	{0.570997179}
1893	79	6	2014	2015	{0.305844396}
1894	79	7	2014	2015	{0.121829487}
1895	79	8	2014	2015	{0.546315253}
1896	79	9	2014	2015	{0.260085493}
1897	79	10	2014	2015	{0.436781168}
1898	79	11	2014	2015	{0.91913569}
1899	79	12	2014	2015	{0}
1900	79	14	2014	2015	{0.213294491}
1901	79	15	2014	2015	{0.254082412}
1902	79	16	2014	2015	{0.119945168}
1903	79	17	2014	2015	{0.0279396046}
1904	79	18	2014	2015	{0.100504085}
1905	79	19	2014	2015	{0.0169472266}
1906	79	20	2014	2015	{0.0830813572}
1907	79	21	2014	2015	{0.0519591756}
1908	79	22	2014	2015	{0.241314471}
1909	79	24	2014	2015	{0.00446846243}
1910	79	25	2014	2015	{0}
1911	79	26	2014	2015	{0.0143586975}
1912	80	1	2014	2015	{0.706274867}
1913	80	2	2014	2015	{0.960491478}
1914	80	3	2014	2015	{0.900516748}
1915	80	4	2014	2015	{0.561283648}
1916	80	5	2014	2015	{0.726373613}
1917	80	6	2014	2015	{0.171841711}
1918	80	7	2014	2015	{0.129186362}
1919	80	8	2014	2015	{0.0302062929}
1920	80	9	2014	2015	{0.372759849}
1921	80	10	2014	2015	{0.767787099}
1922	80	11	2014	2015	{0.392608285}
1923	80	12	2014	2015	{0.0125338044}
1924	80	14	2014	2015	{0.1616714}
1925	80	15	2014	2015	{0.177942544}
1926	80	16	2014	2015	{0.146639466}
1927	80	17	2014	2015	{0.0185679663}
1928	80	18	2014	2015	{0.172774211}
1929	80	19	2014	2015	{0.0120338425}
1930	80	20	2014	2015	{0.0479097441}
1931	80	21	2014	2015	{0.513355374}
1932	80	22	2014	2015	{0.733020663}
1933	80	24	2014	2015	{0.00364532042}
1934	80	25	2014	2015	{0}
1935	80	26	2014	2015	{0.142826617}
1936	81	1	2014	2015	{0.699267149}
1937	81	2	2014	2015	{0.809500575}
1938	81	3	2014	2015	{0.77925837}
1939	81	4	2014	2015	{0.331290692}
1940	81	5	2014	2015	{0.402088016}
1941	81	6	2014	2015	{0.110749699}
1942	81	7	2014	2015	{0.144014508}
1943	81	8	2014	2015	{0.0640126541}
1944	81	9	2014	2015	{0.0320694074}
1945	81	10	2014	2015	{0.53255868}
1946	81	11	2014	2015	{0.352254152}
1947	81	12	2014	2015	{0.0647576526}
1948	81	14	2014	2015	{0.164369717}
1949	81	15	2014	2015	{0.22515665}
1950	81	16	2014	2015	{0.128844053}
1951	81	17	2014	2015	{0.022298051}
1952	81	18	2014	2015	{0.185241595}
1953	81	19	2014	2015	{0.0158063639}
1954	81	20	2014	2015	{0.131677985}
1955	81	21	2014	2015	{0.471711129}
1956	81	22	2014	2015	{0.565094113}
1957	81	24	2014	2015	{0.00279461429}
1958	81	25	2014	2015	{0}
1959	81	26	2014	2015	{0.0356626585}
1960	82	1	2014	2015	{0.936939538}
1961	82	2	2014	2015	{0.973397613}
1962	82	3	2014	2015	{0.983283699}
1963	82	4	2014	2015	{0.958325326}
1964	82	5	2014	2015	{0.903072357}
1965	82	6	2014	2015	{0.78865397}
1966	82	7	2014	2015	{0.0826171562}
1967	82	8	2014	2015	{0.17994757}
1968	82	9	2014	2015	{0.175302729}
1969	82	10	2014	2015	{0.268981665}
1970	82	11	2014	2015	{0.345715165}
1971	82	12	2014	2015	{0.0731858909}
1972	82	14	2014	2015	{0.0789908245}
1973	82	15	2014	2015	{0.0952644199}
1974	82	16	2014	2015	{0.0652798861}
1975	82	17	2014	2015	{0.0181393176}
1976	82	18	2014	2015	{0.0673750564}
1977	82	19	2014	2015	{0.00593539467}
1978	82	20	2014	2015	{0.0509489998}
1979	82	21	2014	2015	{0.100745037}
1980	82	22	2014	2015	{0.182506368}
1981	82	24	2014	2015	{0.00601372123}
1982	82	25	2014	2015	{0.0130296042}
1983	82	26	2014	2015	{0.0211483017}
1984	83	1	2014	2015	{0.65040189}
1985	83	2	2014	2015	{0.598665655}
1986	83	3	2014	2015	{0.70725143}
1987	83	4	2014	2015	{0.295643449}
1988	83	5	2014	2015	{0.345967323}
1989	83	6	2014	2015	{0.141537026}
1990	83	7	2014	2015	{0.135926843}
1991	83	8	2014	2015	{0.0457676612}
1992	83	9	2014	2015	{0.177600682}
1993	83	10	2014	2015	{0.662938952}
1994	83	11	2014	2015	{0.188547328}
1995	83	12	2014	2015	{0}
1996	83	14	2014	2015	{0.111422479}
1997	83	15	2014	2015	{0.127410069}
1998	83	16	2014	2015	{0.0852388963}
1999	83	17	2014	2015	{0.0450020358}
2000	83	18	2014	2015	{0.157236531}
2001	83	19	2014	2015	{0.0176262427}
2002	83	20	2014	2015	{0.0520385206}
2003	83	21	2014	2015	{0.294758886}
2004	83	22	2014	2015	{0.333795398}
2005	83	24	2014	2015	{0.00420520501}
2006	83	25	2014	2015	{0.0566776618}
2007	83	26	2014	2015	{0.0558098517}
2008	84	1	2014	2015	{0.698655844}
2009	84	2	2014	2015	{0.798330843}
2010	84	3	2014	2015	{0.797988892}
2011	84	4	2014	2015	{0.55886513}
2012	84	5	2014	2015	{0.562715113}
2013	84	6	2014	2015	{0.289373457}
2014	84	7	2014	2015	{0.138837472}
2015	84	8	2014	2015	{0.11833591}
2016	84	9	2014	2015	{0.131197497}
2017	84	10	2014	2015	{0.303471416}
2018	84	11	2014	2015	{0.285483629}
2019	84	12	2014	2015	{0.0014878175}
2020	84	14	2014	2015	{0.151185393}
2021	84	15	2014	2015	{0.153561413}
2022	84	16	2014	2015	{0.086444445}
2023	84	17	2014	2015	{0.0401303098}
2024	84	18	2014	2015	{0.207067624}
2025	84	19	2014	2015	{0.0272795651}
2026	84	20	2014	2015	{0.0596687943}
2027	84	21	2014	2015	{0.224411502}
2028	84	22	2014	2015	{0.262445956}
2029	84	24	2014	2015	{0.00790365785}
2030	84	25	2014	2015	{0.0655564219}
2031	84	26	2014	2015	{0.0496970564}
2032	85	1	2014	2015	{0.615406573}
2033	85	2	2014	2015	{0.79422462}
2034	85	3	2014	2015	{0.855285048}
2035	85	4	2014	2015	{0.475418597}
2036	85	5	2014	2015	{0.393560588}
2037	85	6	2014	2015	{0.148740917}
2038	85	7	2014	2015	{0.0629976839}
2039	85	8	2014	2015	{0.0803841874}
2040	85	9	2014	2015	{0.065626584}
2041	85	10	2014	2015	{0.17884165}
2042	85	11	2014	2015	{0.336918294}
2043	85	12	2014	2015	{0}
2044	85	14	2014	2015	{0.0703095421}
2045	85	15	2014	2015	{0.0584108606}
2046	85	16	2014	2015	{0.0986346006}
2047	85	17	2014	2015	{0.0150003796}
2048	85	18	2014	2015	{0.0762732476}
2049	85	19	2014	2015	{0.0258251522}
2050	85	20	2014	2015	{0.0579039268}
2051	85	21	2014	2015	{0.129520118}
2052	85	22	2014	2015	{0.175612807}
2053	85	24	2014	2015	{0.0041069109}
2054	85	25	2014	2015	{0.0377081111}
2055	85	26	2014	2015	{0.0237251502}
2056	86	1	2014	2015	{0.649925828}
2057	86	2	2014	2015	{0.775470436}
2058	86	3	2014	2015	{0.757832468}
2059	86	4	2014	2015	{0.303587675}
2060	86	5	2014	2015	{0.409723103}
2061	86	6	2014	2015	{0.129116759}
2062	86	7	2014	2015	{0.130539507}
2063	86	8	2014	2015	{0.0541546829}
2064	86	9	2014	2015	{0.215819806}
2065	86	10	2014	2015	{0.43318969}
2066	86	11	2014	2015	{0.243013322}
2067	86	12	2014	2015	{0.0739217252}
2068	86	14	2014	2015	{0.105918035}
2069	86	15	2014	2015	{0.136627406}
2070	86	16	2014	2015	{0.0785607025}
2071	86	17	2014	2015	{0.032810051}
2072	86	18	2014	2015	{0.158840284}
2073	86	19	2014	2015	{0.0189436711}
2074	86	20	2014	2015	{0.0495382436}
2075	86	21	2014	2015	{0.252118647}
2076	86	22	2014	2015	{0.332587004}
2077	86	24	2014	2015	{0.00255872123}
2078	86	25	2014	2015	{0.0238389932}
2079	86	26	2014	2015	{0.037756674}
2081	1	29	2014	2015	{2910}
2080	1	28	2014	2015	{2810}
2082	1	30	2014	2015	{3011}
2083	1	31	2014	2015	{3111}
\.


--
-- TOC entry 2185 (class 0 OID 0)
-- Dependencies: 191
-- Name: Values_Id_seq; Type: SEQUENCE SET; Schema: public; Owner: postgres
--

SELECT pg_catalog.setval('"Values_Id_seq"', 2079, true);


--
-- TOC entry 2027 (class 2606 OID 16463)
-- Name: Category Category_pkey; Type: CONSTRAINT; Schema: public; Owner: postgres
--

ALTER TABLE ONLY "Category"
    ADD CONSTRAINT "Category_pkey" PRIMARY KEY ("Id");


--
-- TOC entry 2029 (class 2606 OID 16471)
-- Name: Indicators Indicators_pkey; Type: CONSTRAINT; Schema: public; Owner: postgres
--

ALTER TABLE ONLY "Indicators"
    ADD CONSTRAINT "Indicators_pkey" PRIMARY KEY ("Id");


--
-- TOC entry 2025 (class 2606 OID 16454)
-- Name: Regions Regions_pkey; Type: CONSTRAINT; Schema: public; Owner: postgres
--

ALTER TABLE ONLY "Regions"
    ADD CONSTRAINT "Regions_pkey" PRIMARY KEY ("Id");


--
-- TOC entry 2033 (class 2606 OID 16484)
-- Name: Values Values_pkey; Type: CONSTRAINT; Schema: public; Owner: postgres
--

ALTER TABLE ONLY "Values"
    ADD CONSTRAINT "Values_pkey" PRIMARY KEY ("Id");


--
-- TOC entry 2030 (class 1259 OID 16500)
-- Name: fki_FK_IndicatorCategoryArea; Type: INDEX; Schema: public; Owner: postgres
--

CREATE INDEX "fki_FK_IndicatorCategoryArea" ON "Indicators" USING btree ("Area");


--
-- TOC entry 2031 (class 1259 OID 16516)
-- Name: fki_FK_IndicatorsRegion; Type: INDEX; Schema: public; Owner: postgres
--

CREATE INDEX "fki_FK_IndicatorsRegion" ON "Indicators" USING btree ("Region");


--
-- TOC entry 2035 (class 2606 OID 16495)
-- Name: Indicators FK_IndicatorCategoryArea; Type: FK CONSTRAINT; Schema: public; Owner: postgres
--

ALTER TABLE ONLY "Indicators"
    ADD CONSTRAINT "FK_IndicatorCategoryArea" FOREIGN KEY ("Area") REFERENCES "Category"("Id");


--
-- TOC entry 2036 (class 2606 OID 16511)
-- Name: Indicators FK_IndicatorsRegion; Type: FK CONSTRAINT; Schema: public; Owner: postgres
--

ALTER TABLE ONLY "Indicators"
    ADD CONSTRAINT "FK_IndicatorsRegion" FOREIGN KEY ("Region") REFERENCES "Regions"("Id");


--
-- TOC entry 2037 (class 2606 OID 16485)
-- Name: Values FK_ValuesIndicator; Type: FK CONSTRAINT; Schema: public; Owner: postgres
--

ALTER TABLE ONLY "Values"
    ADD CONSTRAINT "FK_ValuesIndicator" FOREIGN KEY ("Indicator") REFERENCES "Indicators"("Id");


--
-- TOC entry 2186 (class 0 OID 0)
-- Dependencies: 2037
-- Name: CONSTRAINT "FK_ValuesIndicator" ON "Values"; Type: COMMENT; Schema: public; Owner: postgres
--

COMMENT ON CONSTRAINT "FK_ValuesIndicator" ON "Values" IS 'Ссылка на Показатель';


--
-- TOC entry 2038 (class 2606 OID 16490)
-- Name: Values FK_ValuesRegion; Type: FK CONSTRAINT; Schema: public; Owner: postgres
--

ALTER TABLE ONLY "Values"
    ADD CONSTRAINT "FK_ValuesRegion" FOREIGN KEY ("Region") REFERENCES "Regions"("Id");


--
-- TOC entry 2187 (class 0 OID 0)
-- Dependencies: 2038
-- Name: CONSTRAINT "FK_ValuesRegion" ON "Values"; Type: COMMENT; Schema: public; Owner: postgres
--

COMMENT ON CONSTRAINT "FK_ValuesRegion" ON "Values" IS 'Ссылка на Регион';


--
-- TOC entry 2034 (class 2606 OID 16472)
-- Name: Indicators PF_IndicatorCategory; Type: FK CONSTRAINT; Schema: public; Owner: postgres
--

ALTER TABLE ONLY "Indicators"
    ADD CONSTRAINT "PF_IndicatorCategory" FOREIGN KEY ("Category") REFERENCES "Category"("Id");


--
-- TOC entry 2188 (class 0 OID 0)
-- Dependencies: 2034
-- Name: CONSTRAINT "PF_IndicatorCategory" ON "Indicators"; Type: COMMENT; Schema: public; Owner: postgres
--

COMMENT ON CONSTRAINT "PF_IndicatorCategory" ON "Indicators" IS 'Ссылка на категорию';


-- Completed on 2017-04-05 01:21:00

--
-- PostgreSQL database dump complete
--

